nivel,codigo_municipio,nome_municipio,uf,ano,forma_declaracao_idade,sexo,faixa_etaria,populacao
MU,2501807,Bayeux,PB,2022,Total,Total,18 anos,1219.0
MU,2501807,Bayeux,PB,2022,Total,Total,19 anos,1277.0
MU,2501807,Bayeux,PB,2022,Total,Total,20 a 24 anos,6480.0
MU,2501807,Bayeux,PB,2022,Total,Total,20 anos,1280.0
MU,2501807,Bayeux,PB,2022,Total,Total,21 anos,1336.0
MU,2501807,Bayeux,PB,2022,Total,Total,22 anos,1345.0
MU,2501807,Bayeux,PB,2022,Total,Total,23 anos,1277.0
MU,2501807,Bayeux,PB,2022,Total,Total,24 anos,1242.0
MU,2501807,Bayeux,PB,2022,Total,Total,25 a 29 anos,6119.0
MU,2501807,Bayeux,PB,2022,Total,Total,25 anos,1309.0
MU,2501807,Bayeux,PB,2022,Total,Total,26 anos,1266.0
MU,2501807,Bayeux,PB,2022,Total,Total,27 anos,1250.0
MU,2501807,Bayeux,PB,2022,Total,Total,28 anos,1148.0
MU,2501807,Bayeux,PB,2022,Total,Total,29 anos,1146.0
MU,2501807,Bayeux,PB,2022,Total,Total,30 a 34 anos,5858.0
MU,2501807,Bayeux,PB,2022,Total,Total,30 anos,1228.0
MU,2501807,Bayeux,PB,2022,Total,Total,31 anos,1077.0
MU,2501807,Bayeux,PB,2022,Total,Total,32 anos,1146.0
MU,2501807,Bayeux,PB,2022,Total,Total,33 anos,1178.0
MU,2501807,Bayeux,PB,2022,Total,Total,34 anos,1229.0
MU,2501807,Bayeux,PB,2022,Total,Total,35 a 39 anos,6166.0
MU,2501807,Bayeux,PB,2022,Total,Total,35 anos,1253.0
MU,2501807,Bayeux,PB,2022,Total,Total,36 anos,1285.0
MU,2501807,Bayeux,PB,2022,Total,Total,37 anos,1168.0
MU,2501807,Bayeux,PB,2022,Total,Total,38 anos,1238.0
MU,2501807,Bayeux,PB,2022,Total,Total,39 anos,1222.0
MU,2501807,Bayeux,PB,2022,Total,Total,40 a 44 anos,6672.0
MU,2501807,Bayeux,PB,2022,Total,Total,40 anos,1370.0
MU,2501807,Bayeux,PB,2022,Total,Total,41 anos,1364.0
MU,2501807,Bayeux,PB,2022,Total,Total,42 anos,1369.0
MU,2501807,Bayeux,PB,2022,Total,Total,43 anos,1308.0
MU,2501807,Bayeux,PB,2022,Total,Total,44 anos,1261.0
MU,2501807,Bayeux,PB,2022,Total,Total,45 a 49 anos,5942.0
MU,2501807,Bayeux,PB,2022,Total,Total,45 anos,1248.0
MU,2501807,Bayeux,PB,2022,Total,Total,46 anos,1233.0
MU,2501807,Bayeux,PB,2022,Total,Total,47 anos,1182.0
MU,2501807,Bayeux,PB,2022,Total,Total,48 anos,1090.0
MU,2501807,Bayeux,PB,2022,Total,Total,49 anos,1189.0
MU,2501807,Bayeux,PB,2022,Total,Total,50 a 54 anos,5797.0
MU,2501807,Bayeux,PB,2022,Total,Total,50 anos,1186.0
MU,2501807,Bayeux,PB,2022,Total,Total,51 anos,1186.0
MU,2501807,Bayeux,PB,2022,Total,Total,52 anos,1180.0
MU,2501807,Bayeux,PB,2022,Total,Total,53 anos,1162.0
MU,2501807,Bayeux,PB,2022,Total,Total,54 anos,1083.0
MU,2501807,Bayeux,PB,2022,Total,Total,55 a 59 anos,4867.0
MU,2501807,Bayeux,PB,2022,Total,Total,55 anos,1049.0
MU,2501807,Bayeux,PB,2022,Total,Total,56 anos,1037.0
MU,2501807,Bayeux,PB,2022,Total,Total,57 anos,985.0
MU,2501807,Bayeux,PB,2022,Total,Total,58 anos,960.0
MU,2501807,Bayeux,PB,2022,Total,Total,59 anos,836.0
MU,2501807,Bayeux,PB,2022,Total,Total,60 a 64 anos,3551.0
MU,2501807,Bayeux,PB,2022,Total,Total,60 anos,823.0
MU,2501807,Bayeux,PB,2022,Total,Total,61 anos,724.0
MU,2501807,Bayeux,PB,2022,Total,Total,62 anos,740.0
MU,2501807,Bayeux,PB,2022,Total,Total,63 anos,660.0
MU,2501807,Bayeux,PB,2022,Total,Total,64 anos,604.0
MU,2501807,Bayeux,PB,2022,Total,Total,65 a 69 anos,2623.0
MU,2501807,Bayeux,PB,2022,Total,Total,65 anos,548.0
MU,2501807,Bayeux,PB,2022,Total,Total,66 anos,561.0
MU,2501807,Bayeux,PB,2022,Total,Total,67 anos,528.0
MU,2501807,Bayeux,PB,2022,Total,Total,68 anos,536.0
MU,2501807,Bayeux,PB,2022,Total,Total,69 anos,450.0
MU,2501807,Bayeux,PB,2022,Total,Total,70 a 74 anos,2154.0
MU,2501807,Bayeux,PB,2022,Total,Total,70 anos,447.0
MU,2501807,Bayeux,PB,2022,Total,Total,71 anos,442.0
MU,2501807,Bayeux,PB,2022,Total,Total,72 anos,471.0
MU,2501807,Bayeux,PB,2022,Total,Total,73 anos,374.0
MU,2501807,Bayeux,PB,2022,Total,Total,74 anos,420.0
MU,2501807,Bayeux,PB,2022,Total,Total,75 a 79 anos,1392.0
MU,2501807,Bayeux,PB,2022,Total,Total,75 anos,325.0
MU,2501807,Bayeux,PB,2022,Total,Total,76 anos,288.0
MU,2501807,Bayeux,PB,2022,Total,Total,77 anos,287.0
MU,2501807,Bayeux,PB,2022,Total,Total,78 anos,259.0
MU,2501807,Bayeux,PB,2022,Total,Total,79 anos,233.0
MU,2501807,Bayeux,PB,2022,Total,Total,80 a 84 anos,922.0
MU,2501807,Bayeux,PB,2022,Total,Total,80 anos,226.0
MU,2501807,Bayeux,PB,2022,Total,Total,81 anos,184.0
MU,2501807,Bayeux,PB,2022,Total,Total,82 anos,213.0
MU,2501807,Bayeux,PB,2022,Total,Total,83 anos,160.0
MU,2501807,Bayeux,PB,2022,Total,Total,84 anos,139.0
MU,2501807,Bayeux,PB,2022,Total,Total,85 a 89 anos,417.0
MU,2501807,Bayeux,PB,2022,Total,Total,85 anos,119.0
MU,2501807,Bayeux,PB,2022,Total,Total,86 anos,102.0
MU,2501807,Bayeux,PB,2022,Total,Total,87 anos,86.0
MU,2501807,Bayeux,PB,2022,Total,Total,88 anos,59.0
MU,2501807,Bayeux,PB,2022,Total,Total,89 anos,51.0
MU,2501807,Bayeux,PB,2022,Total,Total,90 a 94 anos,166.0
MU,2501807,Bayeux,PB,2022,Total,Total,90 anos,51.0
MU,2501807,Bayeux,PB,2022,Total,Total,91 anos,37.0
MU,2501807,Bayeux,PB,2022,Total,Total,92 anos,34.0
MU,2501807,Bayeux,PB,2022,Total,Total,93 anos,24.0
MU,2501807,Bayeux,PB,2022,Total,Total,94 anos,20.0
MU,2501807,Bayeux,PB,2022,Total,Total,95 a 99 anos,52.0
MU,2501807,Bayeux,PB,2022,Total,Total,95 anos,15.0
MU,2501807,Bayeux,PB,2022,Total,Total,96 anos,15.0
MU,2501807,Bayeux,PB,2022,Total,Total,97 anos,11.0
MU,2501807,Bayeux,PB,2022,Total,Total,98 anos,6.0
MU,2501807,Bayeux,PB,2022,Total,Total,99 anos,5.0
MU,2501807,Bayeux,PB,2022,Total,Total,100 anos ou mais,10.0
MU,2501807,Bayeux,PB,2022,Total,Homens,18 anos,641.0
MU,2501807,Bayeux,PB,2022,Total,Homens,19 anos,631.0
MU,2501807,Bayeux,PB,2022,Total,Homens,20 a 24 anos,3244.0
MU,2501807,Bayeux,PB,2022,Total,Homens,20 anos,641.0
MU,2501807,Bayeux,PB,2022,Total,Homens,21 anos,674.0
MU,2501807,Bayeux,PB,2022,Total,Homens,22 anos,704.0
MU,2501807,Bayeux,PB,2022,Total,Homens,23 anos,610.0
MU,2501807,Bayeux,PB,2022,Total,Homens,24 anos,615.0
MU,2501807,Bayeux,PB,2022,Total,Homens,25 a 29 anos,2997.0
MU,2501807,Bayeux,PB,2022,Total,Homens,25 anos,639.0
MU,2501807,Bayeux,PB,2022,Total,Homens,26 anos,655.0
MU,2501807,Bayeux,PB,2022,Total,Homens,27 anos,590.0
MU,2501807,Bayeux,PB,2022,Total,Homens,28 anos,560.0
MU,2501807,Bayeux,PB,2022,Total,Homens,29 anos,553.0
MU,2501807,Bayeux,PB,2022,Total,Homens,30 a 34 anos,2842.0
MU,2501807,Bayeux,PB,2022,Total,Homens,30 anos,639.0
MU,2501807,Bayeux,PB,2022,Total,Homens,31 anos,536.0
MU,2501807,Bayeux,PB,2022,Total,Homens,32 anos,529.0
MU,2501807,Bayeux,PB,2022,Total,Homens,33 anos,567.0
MU,2501807,Bayeux,PB,2022,Total,Homens,34 anos,571.0
MU,2501807,Bayeux,PB,2022,Total,Homens,35 a 39 anos,2857.0
MU,2501807,Bayeux,PB,2022,Total,Homens,35 anos,592.0
MU,2501807,Bayeux,PB,2022,Total,Homens,36 anos,562.0
MU,2501807,Bayeux,PB,2022,Total,Homens,37 anos,546.0
MU,2501807,Bayeux,PB,2022,Total,Homens,38 anos,574.0
MU,2501807,Bayeux,PB,2022,Total,Homens,39 anos,583.0
MU,2501807,Bayeux,PB,2022,Total,Homens,40 a 44 anos,3119.0
MU,2501807,Bayeux,PB,2022,Total,Homens,40 anos,621.0
MU,2501807,Bayeux,PB,2022,Total,Homens,41 anos,612.0
MU,2501807,Bayeux,PB,2022,Total,Homens,42 anos,671.0
MU,2501807,Bayeux,PB,2022,Total,Homens,43 anos,625.0
MU,2501807,Bayeux,PB,2022,Total,Homens,44 anos,590.0
MU,2501807,Bayeux,PB,2022,Total,Homens,45 a 49 anos,2747.0
MU,2501807,Bayeux,PB,2022,Total,Homens,45 anos,584.0
MU,2501807,Bayeux,PB,2022,Total,Homens,46 anos,576.0
MU,2501807,Bayeux,PB,2022,Total,Homens,47 anos,547.0
MU,2501807,Bayeux,PB,2022,Total,Homens,48 anos,482.0
MU,2501807,Bayeux,PB,2022,Total,Homens,49 anos,558.0
MU,2501807,Bayeux,PB,2022,Total,Homens,50 a 54 anos,2717.0
MU,2501807,Bayeux,PB,2022,Total,Homens,50 anos,594.0
MU,2501807,Bayeux,PB,2022,Total,Homens,51 anos,554.0
MU,2501807,Bayeux,PB,2022,Total,Homens,52 anos,563.0
MU,2501807,Bayeux,PB,2022,Total,Homens,53 anos,525.0
MU,2501807,Bayeux,PB,2022,Total,Homens,54 anos,481.0
MU,2501807,Bayeux,PB,2022,Total,Homens,55 a 59 anos,2197.0
MU,2501807,Bayeux,PB,2022,Total,Homens,55 anos,480.0
MU,2501807,Bayeux,PB,2022,Total,Homens,56 anos,470.0
MU,2501807,Bayeux,PB,2022,Total,Homens,57 anos,462.0
MU,2501807,Bayeux,PB,2022,Total,Homens,58 anos,439.0
MU,2501807,Bayeux,PB,2022,Total,Homens,59 anos,346.0
MU,2501807,Bayeux,PB,2022,Total,Homens,60 a 64 anos,1601.0
MU,2501807,Bayeux,PB,2022,Total,Homens,60 anos,379.0
MU,2501807,Bayeux,PB,2022,Total,Homens,61 anos,326.0
MU,2501807,Bayeux,PB,2022,Total,Homens,62 anos,315.0
MU,2501807,Bayeux,PB,2022,Total,Homens,63 anos,304.0
MU,2501807,Bayeux,PB,2022,Total,Homens,64 anos,277.0
MU,2501807,Bayeux,PB,2022,Total,Homens,65 a 69 anos,1130.0
MU,2501807,Bayeux,PB,2022,Total,Homens,65 anos,226.0
MU,2501807,Bayeux,PB,2022,Total,Homens,66 anos,263.0
MU,2501807,Bayeux,PB,2022,Total,Homens,67 anos,241.0
MU,2501807,Bayeux,PB,2022,Total,Homens,68 anos,221.0
MU,2501807,Bayeux,PB,2022,Total,Homens,69 anos,179.0
MU,2501807,Bayeux,PB,2022,Total,Homens,70 a 74 anos,832.0
MU,2501807,Bayeux,PB,2022,Total,Homens,70 anos,167.0
MU,2501807,Bayeux,PB,2022,Total,Homens,71 anos,164.0
MU,2501807,Bayeux,PB,2022,Total,Homens,72 anos,195.0
MU,2501807,Bayeux,PB,2022,Total,Homens,73 anos,148.0
MU,2501807,Bayeux,PB,2022,Total,Homens,74 anos,158.0
MU,2501807,Bayeux,PB,2022,Total,Homens,75 a 79 anos,529.0
MU,2501807,Bayeux,PB,2022,Total,Homens,75 anos,129.0
MU,2501807,Bayeux,PB,2022,Total,Homens,76 anos,111.0
MU,2501807,Bayeux,PB,2022,Total,Homens,77 anos,105.0
MU,2501807,Bayeux,PB,2022,Total,Homens,78 anos,94.0
MU,2501807,Bayeux,PB,2022,Total,Homens,79 anos,90.0
MU,2501807,Bayeux,PB,2022,Total,Homens,80 a 84 anos,349.0
MU,2501807,Bayeux,PB,2022,Total,Homens,80 anos,80.0
MU,2501807,Bayeux,PB,2022,Total,Homens,81 anos,77.0
MU,2501807,Bayeux,PB,2022,Total,Homens,82 anos,92.0
MU,2501807,Bayeux,PB,2022,Total,Homens,83 anos,52.0
MU,2501807,Bayeux,PB,2022,Total,Homens,84 anos,48.0
MU,2501807,Bayeux,PB,2022,Total,Homens,85 a 89 anos,119.0
MU,2501807,Bayeux,PB,2022,Total,Homens,85 anos,38.0
MU,2501807,Bayeux,PB,2022,Total,Homens,86 anos,25.0
MU,2501807,Bayeux,PB,2022,Total,Homens,87 anos,15.0
MU,2501807,Bayeux,PB,2022,Total,Homens,88 anos,29.0
MU,2501807,Bayeux,PB,2022,Total,Homens,89 anos,12.0
MU,2501807,Bayeux,PB,2022,Total,Homens,90 a 94 anos,53.0
MU,2501807,Bayeux,PB,2022,Total,Homens,90 anos,16.0
MU,2501807,Bayeux,PB,2022,Total,Homens,91 anos,12.0
MU,2501807,Bayeux,PB,2022,Total,Homens,92 anos,11.0
MU,2501807,Bayeux,PB,2022,Total,Homens,93 anos,6.0
MU,2501807,Bayeux,PB,2022,Total,Homens,94 anos,8.0
MU,2501807,Bayeux,PB,2022,Total,Homens,95 a 99 anos,19.0
MU,2501807,Bayeux,PB,2022,Total,Homens,95 anos,6.0
MU,2501807,Bayeux,PB,2022,Total,Homens,96 anos,5.0
MU,2501807,Bayeux,PB,2022,Total,Homens,97 anos,6.0
MU,2501807,Bayeux,PB,2022,Total,Homens,98 anos,
MU,2501807,Bayeux,PB,2022,Total,Homens,99 anos,2.0
MU,2501807,Bayeux,PB,2022,Total,Homens,100 anos ou mais,1.0
MU,2501807,Bayeux,PB,2022,Total,Mulheres,18 anos,578.0
MU,2501807,Bayeux,PB,2022,Total,Mulheres,19 anos,646.0
MU,2501807,Bayeux,PB,2022,Total,Mulheres,20 a 24 anos,3236.0
MU,2501807,Bayeux,PB,2022,Total,Mulheres,20 anos,639.0
MU,2501807,Bayeux,PB,2022,Total,Mulheres,21 anos,662.0
MU,2501807,Bayeux,PB,2022,Total,Mulheres,22 anos,641.0
MU,2501807,Bayeux,PB,2022,Total,Mulheres,23 anos,667.0
MU,2501807,Bayeux,PB,2022,Total,Mulheres,24 anos,627.0
MU,2501807,Bayeux,PB,2022,Total,Mulheres,25 a 29 anos,3122.0
MU,2501807,Bayeux,PB,2022,Total,Mulheres,25 anos,670.0
MU,2501807,Bayeux,PB,2022,Total,Mulheres,26 anos,611.0
MU,2501807,Bayeux,PB,2022,Total,Mulheres,27 anos,660.0
MU,2501807,Bayeux,PB,2022,Total,Mulheres,28 anos,588.0
MU,2501807,Bayeux,PB,2022,Total,Mulheres,29 anos,593.0
MU,2501807,Bayeux,PB,2022,Total,Mulheres,30 a 34 anos,3016.0
MU,2501807,Bayeux,PB,2022,Total,Mulheres,30 anos,589.0
MU,2501807,Bayeux,PB,2022,Total,Mulheres,31 anos,541.0
MU,2501807,Bayeux,PB,2022,Total,Mulheres,32 anos,617.0
MU,2501807,Bayeux,PB,2022,Total,Mulheres,33 anos,611.0
MU,2501807,Bayeux,PB,2022,Total,Mulheres,34 anos,658.0
MU,2501807,Bayeux,PB,2022,Total,Mulheres,35 a 39 anos,3309.0
MU,2501807,Bayeux,PB,2022,Total,Mulheres,35 anos,661.0
MU,2501807,Bayeux,PB,2022,Total,Mulheres,36 anos,723.0
MU,2501807,Bayeux,PB,2022,Total,Mulheres,37 anos,622.0
MU,2501807,Bayeux,PB,2022,Total,Mulheres,38 anos,664.0
MU,2501807,Bayeux,PB,2022,Total,Mulheres,39 anos,639.0
MU,2501807,Bayeux,PB,2022,Total,Mulheres,40 a 44 anos,3553.0
MU,2501807,Bayeux,PB,2022,Total,Mulheres,40 anos,749.0
MU,2501807,Bayeux,PB,2022,Total,Mulheres,41 anos,752.0
MU,2501807,Bayeux,PB,2022,Total,Mulheres,42 anos,698.0
MU,2501807,Bayeux,PB,2022,Total,Mulheres,43 anos,683.0
MU,2501807,Bayeux,PB,2022,Total,Mulheres,44 anos,671.0
MU,2501807,Bayeux,PB,2022,Total,Mulheres,45 a 49 anos,3195.0
MU,2501807,Bayeux,PB,2022,Total,Mulheres,45 anos,664.0
MU,2501807,Bayeux,PB,2022,Total,Mulheres,46 anos,657.0
MU,2501807,Bayeux,PB,2022,Total,Mulheres,47 anos,635.0
MU,2501807,Bayeux,PB,2022,Total,Mulheres,48 anos,608.0
MU,2501807,Bayeux,PB,2022,Total,Mulheres,49 anos,631.0
MU,2501807,Bayeux,PB,2022,Total,Mulheres,50 a 54 anos,3080.0
MU,2501807,Bayeux,PB,2022,Total,Mulheres,50 anos,592.0
MU,2501807,Bayeux,PB,2022,Total,Mulheres,51 anos,632.0
MU,2501807,Bayeux,PB,2022,Total,Mulheres,52 anos,617.0
MU,2501807,Bayeux,PB,2022,Total,Mulheres,53 anos,637.0
MU,2501807,Bayeux,PB,2022,Total,Mulheres,54 anos,602.0
MU,2501807,Bayeux,PB,2022,Total,Mulheres,55 a 59 anos,2670.0
MU,2501807,Bayeux,PB,2022,Total,Mulheres,55 anos,569.0
MU,2501807,Bayeux,PB,2022,Total,Mulheres,56 anos,567.0
MU,2501807,Bayeux,PB,2022,Total,Mulheres,57 anos,523.0
MU,2501807,Bayeux,PB,2022,Total,Mulheres,58 anos,521.0
MU,2501807,Bayeux,PB,2022,Total,Mulheres,59 anos,490.0
MU,2501807,Bayeux,PB,2022,Total,Mulheres,60 a 64 anos,1950.0
MU,2501807,Bayeux,PB,2022,Total,Mulheres,60 anos,444.0
MU,2501807,Bayeux,PB,2022,Total,Mulheres,61 anos,398.0
MU,2501807,Bayeux,PB,2022,Total,Mulheres,62 anos,425.0
MU,2501807,Bayeux,PB,2022,Total,Mulheres,63 anos,356.0
MU,2501807,Bayeux,PB,2022,Total,Mulheres,64 anos,327.0
MU,2501807,Bayeux,PB,2022,Total,Mulheres,65 a 69 anos,1493.0
MU,2501807,Bayeux,PB,2022,Total,Mulheres,65 anos,322.0
MU,2501807,Bayeux,PB,2022,Total,Mulheres,66 anos,298.0
MU,2501807,Bayeux,PB,2022,Total,Mulheres,67 anos,287.0
MU,2501807,Bayeux,PB,2022,Total,Mulheres,68 anos,315.0
MU,2501807,Bayeux,PB,2022,Total,Mulheres,69 anos,271.0
MU,2501807,Bayeux,PB,2022,Total,Mulheres,70 a 74 anos,1322.0
MU,2501807,Bayeux,PB,2022,Total,Mulheres,70 anos,280.0
MU,2501807,Bayeux,PB,2022,Total,Mulheres,71 anos,278.0
MU,2501807,Bayeux,PB,2022,Total,Mulheres,72 anos,276.0
MU,2501807,Bayeux,PB,2022,Total,Mulheres,73 anos,226.0
MU,2501807,Bayeux,PB,2022,Total,Mulheres,74 anos,262.0
MU,2501807,Bayeux,PB,2022,Total,Mulheres,75 a 79 anos,863.0
MU,2501807,Bayeux,PB,2022,Total,Mulheres,75 anos,196.0
MU,2501807,Bayeux,PB,2022,Total,Mulheres,76 anos,177.0
MU,2501807,Bayeux,PB,2022,Total,Mulheres,77 anos,182.0
MU,2501807,Bayeux,PB,2022,Total,Mulheres,78 anos,165.0
MU,2501807,Bayeux,PB,2022,Total,Mulheres,79 anos,143.0
MU,2501807,Bayeux,PB,2022,Total,Mulheres,80 a 84 anos,573.0
MU,2501807,Bayeux,PB,2022,Total,Mulheres,80 anos,146.0
MU,2501807,Bayeux,PB,2022,Total,Mulheres,81 anos,107.0
MU,2501807,Bayeux,PB,2022,Total,Mulheres,82 anos,121.0
MU,2501807,Bayeux,PB,2022,Total,Mulheres,83 anos,108.0
MU,2501807,Bayeux,PB,2022,Total,Mulheres,84 anos,91.0
MU,2501807,Bayeux,PB,2022,Total,Mulheres,85 a 89 anos,298.0
MU,2501807,Bayeux,PB,2022,Total,Mulheres,85 anos,81.0
MU,2501807,Bayeux,PB,2022,Total,Mulheres,86 anos,77.0
MU,2501807,Bayeux,PB,2022,Total,Mulheres,87 anos,71.0
MU,2501807,Bayeux,PB,2022,Total,Mulheres,88 anos,30.0
MU,2501807,Bayeux,PB,2022,Total,Mulheres,89 anos,39.0
MU,2501807,Bayeux,PB,2022,Total,Mulheres,90 a 94 anos,113.0
MU,2501807,Bayeux,PB,2022,Total,Mulheres,90 anos,35.0
MU,2501807,Bayeux,PB,2022,Total,Mulheres,91 anos,25.0
MU,2501807,Bayeux,PB,2022,Total,Mulheres,92 anos,23.0
MU,2501807,Bayeux,PB,2022,Total,Mulheres,93 anos,18.0
MU,2501807,Bayeux,PB,2022,Total,Mulheres,94 anos,12.0
MU,2501807,Bayeux,PB,2022,Total,Mulheres,95 a 99 anos,33.0
MU,2501807,Bayeux,PB,2022,Total,Mulheres,95 anos,9.0
MU,2501807,Bayeux,PB,2022,Total,Mulheres,96 anos,10.0
MU,2501807,Bayeux,PB,2022,Total,Mulheres,97 anos,5.0
MU,2501807,Bayeux,PB,2022,Total,Mulheres,98 anos,6.0
MU,2501807,Bayeux,PB,2022,Total,Mulheres,99 anos,3.0
MU,2501807,Bayeux,PB,2022,Total,Mulheres,100 anos ou mais,9.0
MU,2503209,Cabedelo,PB,2022,Total,Total,18 anos,978.0
MU,2503209,Cabedelo,PB,2022,Total,Total,19 anos,942.0
MU,2503209,Cabedelo,PB,2022,Total,Total,20 a 24 anos,5161.0
MU,2503209,Cabedelo,PB,2022,Total,Total,20 anos,980.0
MU,2503209,Cabedelo,PB,2022,Total,Total,21 anos,1050.0
MU,2503209,Cabedelo,PB,2022,Total,Total,22 anos,1111.0
MU,2503209,Cabedelo,PB,2022,Total,Total,23 anos,1035.0
MU,2503209,Cabedelo,PB,2022,Total,Total,24 anos,985.0
MU,2503209,Cabedelo,PB,2022,Total,Total,25 a 29 anos,4879.0
MU,2503209,Cabedelo,PB,2022,Total,Total,25 anos,973.0
MU,2503209,Cabedelo,PB,2022,Total,Total,26 anos,1022.0
MU,2503209,Cabedelo,PB,2022,Total,Total,27 anos,962.0
MU,2503209,Cabedelo,PB,2022,Total,Total,28 anos,985.0
MU,2503209,Cabedelo,PB,2022,Total,Total,29 anos,937.0
MU,2503209,Cabedelo,PB,2022,Total,Total,30 a 34 anos,4666.0
MU,2503209,Cabedelo,PB,2022,Total,Total,30 anos,931.0
MU,2503209,Cabedelo,PB,2022,Total,Total,31 anos,868.0
MU,2503209,Cabedelo,PB,2022,Total,Total,32 anos,903.0
MU,2503209,Cabedelo,PB,2022,Total,Total,33 anos,985.0
MU,2503209,Cabedelo,PB,2022,Total,Total,34 anos,979.0
MU,2503209,Cabedelo,PB,2022,Total,Total,35 a 39 anos,5410.0
MU,2503209,Cabedelo,PB,2022,Total,Total,35 anos,1108.0
MU,2503209,Cabedelo,PB,2022,Total,Total,36 anos,1042.0
MU,2503209,Cabedelo,PB,2022,Total,Total,37 anos,1070.0
MU,2503209,Cabedelo,PB,2022,Total,Total,38 anos,1076.0
MU,2503209,Cabedelo,PB,2022,Total,Total,39 anos,1114.0
MU,2503209,Cabedelo,PB,2022,Total,Total,40 a 44 anos,5376.0
MU,2503209,Cabedelo,PB,2022,Total,Total,40 anos,1185.0
MU,2503209,Cabedelo,PB,2022,Total,Total,41 anos,1098.0
MU,2503209,Cabedelo,PB,2022,Total,Total,42 anos,1134.0
MU,2503209,Cabedelo,PB,2022,Total,Total,43 anos,1018.0
MU,2503209,Cabedelo,PB,2022,Total,Total,44 anos,941.0
MU,2503209,Cabedelo,PB,2022,Total,Total,45 a 49 anos,4704.0
MU,2503209,Cabedelo,PB,2022,Total,Total,45 anos,987.0
MU,2503209,Cabedelo,PB,2022,Total,Total,46 anos,992.0
MU,2503209,Cabedelo,PB,2022,Total,Total,47 anos,894.0
MU,2503209,Cabedelo,PB,2022,Total,Total,48 anos,894.0
MU,2503209,Cabedelo,PB,2022,Total,Total,49 anos,937.0
MU,2503209,Cabedelo,PB,2022,Total,Total,50 a 54 anos,4204.0
MU,2503209,Cabedelo,PB,2022,Total,Total,50 anos,918.0
MU,2503209,Cabedelo,PB,2022,Total,Total,51 anos,817.0
MU,2503209,Cabedelo,PB,2022,Total,Total,52 anos,891.0
MU,2503209,Cabedelo,PB,2022,Total,Total,53 anos,785.0
MU,2503209,Cabedelo,PB,2022,Total,Total,54 anos,793.0
MU,2503209,Cabedelo,PB,2022,Total,Total,55 a 59 anos,3752.0
MU,2503209,Cabedelo,PB,2022,Total,Total,55 anos,763.0
MU,2503209,Cabedelo,PB,2022,Total,Total,56 anos,770.0
MU,2503209,Cabedelo,PB,2022,Total,Total,57 anos,776.0
MU,2503209,Cabedelo,PB,2022,Total,Total,58 anos,735.0
MU,2503209,Cabedelo,PB,2022,Total,Total,59 anos,708.0
MU,2503209,Cabedelo,PB,2022,Total,Total,60 a 64 anos,3092.0
MU,2503209,Cabedelo,PB,2022,Total,Total,60 anos,711.0
MU,2503209,Cabedelo,PB,2022,Total,Total,61 anos,642.0
MU,2503209,Cabedelo,PB,2022,Total,Total,62 anos,619.0
MU,2503209,Cabedelo,PB,2022,Total,Total,63 anos,603.0
MU,2503209,Cabedelo,PB,2022,Total,Total,64 anos,517.0
MU,2503209,Cabedelo,PB,2022,Total,Total,65 a 69 anos,2290.0
MU,2503209,Cabedelo,PB,2022,Total,Total,65 anos,571.0
MU,2503209,Cabedelo,PB,2022,Total,Total,66 anos,491.0
MU,2503209,Cabedelo,PB,2022,Total,Total,67 anos,465.0
MU,2503209,Cabedelo,PB,2022,Total,Total,68 anos,434.0
MU,2503209,Cabedelo,PB,2022,Total,Total,69 anos,329.0
MU,2503209,Cabedelo,PB,2022,Total,Total,70 a 74 anos,1659.0
MU,2503209,Cabedelo,PB,2022,Total,Total,70 anos,416.0
MU,2503209,Cabedelo,PB,2022,Total,Total,71 anos,308.0
MU,2503209,Cabedelo,PB,2022,Total,Total,72 anos,354.0
MU,2503209,Cabedelo,PB,2022,Total,Total,73 anos,309.0
MU,2503209,Cabedelo,PB,2022,Total,Total,74 anos,272.0
MU,2503209,Cabedelo,PB,2022,Total,Total,75 a 79 anos,1061.0
MU,2503209,Cabedelo,PB,2022,Total,Total,75 anos,252.0
MU,2503209,Cabedelo,PB,2022,Total,Total,76 anos,231.0
MU,2503209,Cabedelo,PB,2022,Total,Total,77 anos,210.0
MU,2503209,Cabedelo,PB,2022,Total,Total,78 anos,191.0
MU,2503209,Cabedelo,PB,2022,Total,Total,79 anos,177.0
MU,2503209,Cabedelo,PB,2022,Total,Total,80 a 84 anos,638.0
MU,2503209,Cabedelo,PB,2022,Total,Total,80 anos,148.0
MU,2503209,Cabedelo,PB,2022,Total,Total,81 anos,130.0
MU,2503209,Cabedelo,PB,2022,Total,Total,82 anos,154.0
MU,2503209,Cabedelo,PB,2022,Total,Total,83 anos,107.0
MU,2503209,Cabedelo,PB,2022,Total,Total,84 anos,99.0
MU,2503209,Cabedelo,PB,2022,Total,Total,85 a 89 anos,331.0
MU,2503209,Cabedelo,PB,2022,Total,Total,85 anos,99.0
MU,2503209,Cabedelo,PB,2022,Total,Total,86 anos,63.0
MU,2503209,Cabedelo,PB,2022,Total,Total,87 anos,72.0
MU,2503209,Cabedelo,PB,2022,Total,Total,88 anos,47.0
MU,2503209,Cabedelo,PB,2022,Total,Total,89 anos,50.0
MU,2503209,Cabedelo,PB,2022,Total,Total,90 a 94 anos,186.0
MU,2503209,Cabedelo,PB,2022,Total,Total,90 anos,50.0
MU,2503209,Cabedelo,PB,2022,Total,Total,91 anos,45.0
MU,2503209,Cabedelo,PB,2022,Total,Total,92 anos,37.0
MU,2503209,Cabedelo,PB,2022,Total,Total,93 anos,31.0
MU,2503209,Cabedelo,PB,2022,Total,Total,94 anos,23.0
MU,2503209,Cabedelo,PB,2022,Total,Total,95 a 99 anos,52.0
MU,2503209,Cabedelo,PB,2022,Total,Total,95 anos,21.0
MU,2503209,Cabedelo,PB,2022,Total,Total,96 anos,10.0
MU,2503209,Cabedelo,PB,2022,Total,Total,97 anos,10.0
MU,2503209,Cabedelo,PB,2022,Total,Total,98 anos,8.0
MU,2503209,Cabedelo,PB,2022,Total,Total,99 anos,3.0
MU,2503209,Cabedelo,PB,2022,Total,Total,100 anos ou mais,12.0
MU,2503209,Cabedelo,PB,2022,Total,Homens,18 anos,514.0
MU,2503209,Cabedelo,PB,2022,Total,Homens,19 anos,474.0
MU,2503209,Cabedelo,PB,2022,Total,Homens,20 a 24 anos,2602.0
MU,2503209,Cabedelo,PB,2022,Total,Homens,20 anos,505.0
MU,2503209,Cabedelo,PB,2022,Total,Homens,21 anos,510.0
MU,2503209,Cabedelo,PB,2022,Total,Homens,22 anos,558.0
MU,2503209,Cabedelo,PB,2022,Total,Homens,23 anos,528.0
MU,2503209,Cabedelo,PB,2022,Total,Homens,24 anos,501.0
MU,2503209,Cabedelo,PB,2022,Total,Homens,25 a 29 anos,2307.0
MU,2503209,Cabedelo,PB,2022,Total,Homens,25 anos,457.0
MU,2503209,Cabedelo,PB,2022,Total,Homens,26 anos,504.0
MU,2503209,Cabedelo,PB,2022,Total,Homens,27 anos,457.0
MU,2503209,Cabedelo,PB,2022,Total,Homens,28 anos,450.0
MU,2503209,Cabedelo,PB,2022,Total,Homens,29 anos,439.0
MU,2503209,Cabedelo,PB,2022,Total,Homens,30 a 34 anos,2198.0
MU,2503209,Cabedelo,PB,2022,Total,Homens,30 anos,453.0
MU,2503209,Cabedelo,PB,2022,Total,Homens,31 anos,396.0
MU,2503209,Cabedelo,PB,2022,Total,Homens,32 anos,422.0
MU,2503209,Cabedelo,PB,2022,Total,Homens,33 anos,472.0
MU,2503209,Cabedelo,PB,2022,Total,Homens,34 anos,455.0
MU,2503209,Cabedelo,PB,2022,Total,Homens,35 a 39 anos,2512.0
MU,2503209,Cabedelo,PB,2022,Total,Homens,35 anos,511.0
MU,2503209,Cabedelo,PB,2022,Total,Homens,36 anos,463.0
MU,2503209,Cabedelo,PB,2022,Total,Homens,37 anos,505.0
MU,2503209,Cabedelo,PB,2022,Total,Homens,38 anos,516.0
MU,2503209,Cabedelo,PB,2022,Total,Homens,39 anos,517.0
MU,2503209,Cabedelo,PB,2022,Total,Homens,40 a 44 anos,2447.0
MU,2503209,Cabedelo,PB,2022,Total,Homens,40 anos,548.0
MU,2503209,Cabedelo,PB,2022,Total,Homens,41 anos,496.0
MU,2503209,Cabedelo,PB,2022,Total,Homens,42 anos,535.0
MU,2503209,Cabedelo,PB,2022,Total,Homens,43 anos,449.0
MU,2503209,Cabedelo,PB,2022,Total,Homens,44 anos,419.0
MU,2503209,Cabedelo,PB,2022,Total,Homens,45 a 49 anos,2176.0
MU,2503209,Cabedelo,PB,2022,Total,Homens,45 anos,433.0
MU,2503209,Cabedelo,PB,2022,Total,Homens,46 anos,468.0
MU,2503209,Cabedelo,PB,2022,Total,Homens,47 anos,409.0
MU,2503209,Cabedelo,PB,2022,Total,Homens,48 anos,435.0
MU,2503209,Cabedelo,PB,2022,Total,Homens,49 anos,431.0
MU,2503209,Cabedelo,PB,2022,Total,Homens,50 a 54 anos,1956.0
MU,2503209,Cabedelo,PB,2022,Total,Homens,50 anos,449.0
MU,2503209,Cabedelo,PB,2022,Total,Homens,51 anos,372.0
MU,2503209,Cabedelo,PB,2022,Total,Homens,52 anos,395.0
MU,2503209,Cabedelo,PB,2022,Total,Homens,53 anos,373.0
MU,2503209,Cabedelo,PB,2022,Total,Homens,54 anos,367.0
MU,2503209,Cabedelo,PB,2022,Total,Homens,55 a 59 anos,1729.0
MU,2503209,Cabedelo,PB,2022,Total,Homens,55 anos,358.0
MU,2503209,Cabedelo,PB,2022,Total,Homens,56 anos,335.0
MU,2503209,Cabedelo,PB,2022,Total,Homens,57 anos,387.0
MU,2503209,Cabedelo,PB,2022,Total,Homens,58 anos,337.0
MU,2503209,Cabedelo,PB,2022,Total,Homens,59 anos,312.0
MU,2503209,Cabedelo,PB,2022,Total,Homens,60 a 64 anos,1404.0
MU,2503209,Cabedelo,PB,2022,Total,Homens,60 anos,331.0
MU,2503209,Cabedelo,PB,2022,Total,Homens,61 anos,274.0
MU,2503209,Cabedelo,PB,2022,Total,Homens,62 anos,289.0
MU,2503209,Cabedelo,PB,2022,Total,Homens,63 anos,280.0
MU,2503209,Cabedelo,PB,2022,Total,Homens,64 anos,230.0
MU,2503209,Cabedelo,PB,2022,Total,Homens,65 a 69 anos,1005.0
MU,2503209,Cabedelo,PB,2022,Total,Homens,65 anos,245.0
MU,2503209,Cabedelo,PB,2022,Total,Homens,66 anos,222.0
MU,2503209,Cabedelo,PB,2022,Total,Homens,67 anos,229.0
MU,2503209,Cabedelo,PB,2022,Total,Homens,68 anos,169.0
MU,2503209,Cabedelo,PB,2022,Total,Homens,69 anos,140.0
MU,2503209,Cabedelo,PB,2022,Total,Homens,70 a 74 anos,689.0
MU,2503209,Cabedelo,PB,2022,Total,Homens,70 anos,166.0
MU,2503209,Cabedelo,PB,2022,Total,Homens,71 anos,123.0
MU,2503209,Cabedelo,PB,2022,Total,Homens,72 anos,155.0
MU,2503209,Cabedelo,PB,2022,Total,Homens,73 anos,126.0
MU,2503209,Cabedelo,PB,2022,Total,Homens,74 anos,119.0
MU,2503209,Cabedelo,PB,2022,Total,Homens,75 a 79 anos,431.0
MU,2503209,Cabedelo,PB,2022,Total,Homens,75 anos,91.0
MU,2503209,Cabedelo,PB,2022,Total,Homens,76 anos,92.0
MU,2503209,Cabedelo,PB,2022,Total,Homens,77 anos,94.0
MU,2503209,Cabedelo,PB,2022,Total,Homens,78 anos,81.0
MU,2503209,Cabedelo,PB,2022,Total,Homens,79 anos,73.0
MU,2503209,Cabedelo,PB,2022,Total,Homens,80 a 84 anos,229.0
MU,2503209,Cabedelo,PB,2022,Total,Homens,80 anos,58.0
MU,2503209,Cabedelo,PB,2022,Total,Homens,81 anos,50.0
MU,2503209,Cabedelo,PB,2022,Total,Homens,82 anos,48.0
MU,2503209,Cabedelo,PB,2022,Total,Homens,83 anos,44.0
MU,2503209,Cabedelo,PB,2022,Total,Homens,84 anos,29.0
MU,2503209,Cabedelo,PB,2022,Total,Homens,85 a 89 anos,96.0
MU,2503209,Cabedelo,PB,2022,Total,Homens,85 anos,29.0
MU,2503209,Cabedelo,PB,2022,Total,Homens,86 anos,18.0
MU,2503209,Cabedelo,PB,2022,Total,Homens,87 anos,21.0
MU,2503209,Cabedelo,PB,2022,Total,Homens,88 anos,12.0
MU,2503209,Cabedelo,PB,2022,Total,Homens,89 anos,16.0
MU,2503209,Cabedelo,PB,2022,Total,Homens,90 a 94 anos,54.0
MU,2503209,Cabedelo,PB,2022,Total,Homens,90 anos,17.0
MU,2503209,Cabedelo,PB,2022,Total,Homens,91 anos,11.0
MU,2503209,Cabedelo,PB,2022,Total,Homens,92 anos,13.0
MU,2503209,Cabedelo,PB,2022,Total,Homens,93 anos,6.0
MU,2503209,Cabedelo,PB,2022,Total,Homens,94 anos,7.0
MU,2503209,Cabedelo,PB,2022,Total,Homens,95 a 99 anos,14.0
MU,2503209,Cabedelo,PB,2022,Total,Homens,95 anos,5.0
MU,2503209,Cabedelo,PB,2022,Total,Homens,96 anos,1.0
MU,2503209,Cabedelo,PB,2022,Total,Homens,97 anos,4.0
MU,2503209,Cabedelo,PB,2022,Total,Homens,98 anos,2.0
MU,2503209,Cabedelo,PB,2022,Total,Homens,99 anos,2.0
MU,2503209,Cabedelo,PB,2022,Total,Homens,100 anos ou mais,1.0
MU,2503209,Cabedelo,PB,2022,Total,Mulheres,18 anos,464.0
MU,2503209,Cabedelo,PB,2022,Total,Mulheres,19 anos,468.0
MU,2503209,Cabedelo,PB,2022,Total,Mulheres,20 a 24 anos,2559.0
MU,2503209,Cabedelo,PB,2022,Total,Mulheres,20 anos,475.0
MU,2503209,Cabedelo,PB,2022,Total,Mulheres,21 anos,540.0
MU,2503209,Cabedelo,PB,2022,Total,Mulheres,22 anos,553.0
MU,2503209,Cabedelo,PB,2022,Total,Mulheres,23 anos,507.0
MU,2503209,Cabedelo,PB,2022,Total,Mulheres,24 anos,484.0
MU,2503209,Cabedelo,PB,2022,Total,Mulheres,25 a 29 anos,2572.0
MU,2503209,Cabedelo,PB,2022,Total,Mulheres,25 anos,516.0
MU,2503209,Cabedelo,PB,2022,Total,Mulheres,26 anos,518.0
MU,2503209,Cabedelo,PB,2022,Total,Mulheres,27 anos,505.0
MU,2503209,Cabedelo,PB,2022,Total,Mulheres,28 anos,535.0
MU,2503209,Cabedelo,PB,2022,Total,Mulheres,29 anos,498.0
MU,2503209,Cabedelo,PB,2022,Total,Mulheres,30 a 34 anos,2468.0
MU,2503209,Cabedelo,PB,2022,Total,Mulheres,30 anos,478.0
MU,2503209,Cabedelo,PB,2022,Total,Mulheres,31 anos,472.0
MU,2503209,Cabedelo,PB,2022,Total,Mulheres,32 anos,481.0
MU,2503209,Cabedelo,PB,2022,Total,Mulheres,33 anos,513.0
MU,2503209,Cabedelo,PB,2022,Total,Mulheres,34 anos,524.0
MU,2503209,Cabedelo,PB,2022,Total,Mulheres,35 a 39 anos,2898.0
MU,2503209,Cabedelo,PB,2022,Total,Mulheres,35 anos,597.0
MU,2503209,Cabedelo,PB,2022,Total,Mulheres,36 anos,579.0
MU,2503209,Cabedelo,PB,2022,Total,Mulheres,37 anos,565.0
MU,2503209,Cabedelo,PB,2022,Total,Mulheres,38 anos,560.0
MU,2503209,Cabedelo,PB,2022,Total,Mulheres,39 anos,597.0
MU,2503209,Cabedelo,PB,2022,Total,Mulheres,40 a 44 anos,2929.0
MU,2503209,Cabedelo,PB,2022,Total,Mulheres,40 anos,637.0
MU,2503209,Cabedelo,PB,2022,Total,Mulheres,41 anos,602.0
MU,2503209,Cabedelo,PB,2022,Total,Mulheres,42 anos,599.0
MU,2503209,Cabedelo,PB,2022,Total,Mulheres,43 anos,569.0
MU,2503209,Cabedelo,PB,2022,Total,Mulheres,44 anos,522.0
MU,2503209,Cabedelo,PB,2022,Total,Mulheres,45 a 49 anos,2528.0
MU,2503209,Cabedelo,PB,2022,Total,Mulheres,45 anos,554.0
MU,2503209,Cabedelo,PB,2022,Total,Mulheres,46 anos,524.0
MU,2503209,Cabedelo,PB,2022,Total,Mulheres,47 anos,485.0
MU,2503209,Cabedelo,PB,2022,Total,Mulheres,48 anos,459.0
MU,2503209,Cabedelo,PB,2022,Total,Mulheres,49 anos,506.0
MU,2503209,Cabedelo,PB,2022,Total,Mulheres,50 a 54 anos,2248.0
MU,2503209,Cabedelo,PB,2022,Total,Mulheres,50 anos,469.0
MU,2503209,Cabedelo,PB,2022,Total,Mulheres,51 anos,445.0
MU,2503209,Cabedelo,PB,2022,Total,Mulheres,52 anos,496.0
MU,2503209,Cabedelo,PB,2022,Total,Mulheres,53 anos,412.0
MU,2503209,Cabedelo,PB,2022,Total,Mulheres,54 anos,426.0
MU,2503209,Cabedelo,PB,2022,Total,Mulheres,55 a 59 anos,2023.0
MU,2503209,Cabedelo,PB,2022,Total,Mulheres,55 anos,405.0
MU,2503209,Cabedelo,PB,2022,Total,Mulheres,56 anos,435.0
MU,2503209,Cabedelo,PB,2022,Total,Mulheres,57 anos,389.0
MU,2503209,Cabedelo,PB,2022,Total,Mulheres,58 anos,398.0
MU,2503209,Cabedelo,PB,2022,Total,Mulheres,59 anos,396.0
MU,2503209,Cabedelo,PB,2022,Total,Mulheres,60 a 64 anos,1688.0
MU,2503209,Cabedelo,PB,2022,Total,Mulheres,60 anos,380.0
MU,2503209,Cabedelo,PB,2022,Total,Mulheres,61 anos,368.0
MU,2503209,Cabedelo,PB,2022,Total,Mulheres,62 anos,330.0
MU,2503209,Cabedelo,PB,2022,Total,Mulheres,63 anos,323.0
MU,2503209,Cabedelo,PB,2022,Total,Mulheres,64 anos,287.0
MU,2503209,Cabedelo,PB,2022,Total,Mulheres,65 a 69 anos,1285.0
MU,2503209,Cabedelo,PB,2022,Total,Mulheres,65 anos,326.0
MU,2503209,Cabedelo,PB,2022,Total,Mulheres,66 anos,269.0
MU,2503209,Cabedelo,PB,2022,Total,Mulheres,67 anos,236.0
MU,2503209,Cabedelo,PB,2022,Total,Mulheres,68 anos,265.0
MU,2503209,Cabedelo,PB,2022,Total,Mulheres,69 anos,189.0
MU,2503209,Cabedelo,PB,2022,Total,Mulheres,70 a 74 anos,970.0
MU,2503209,Cabedelo,PB,2022,Total,Mulheres,70 anos,250.0
MU,2503209,Cabedelo,PB,2022,Total,Mulheres,71 anos,185.0
MU,2503209,Cabedelo,PB,2022,Total,Mulheres,72 anos,199.0
MU,2503209,Cabedelo,PB,2022,Total,Mulheres,73 anos,183.0
MU,2503209,Cabedelo,PB,2022,Total,Mulheres,74 anos,153.0
MU,2503209,Cabedelo,PB,2022,Total,Mulheres,75 a 79 anos,630.0
MU,2503209,Cabedelo,PB,2022,Total,Mulheres,75 anos,161.0
MU,2503209,Cabedelo,PB,2022,Total,Mulheres,76 anos,139.0
MU,2503209,Cabedelo,PB,2022,Total,Mulheres,77 anos,116.0
MU,2503209,Cabedelo,PB,2022,Total,Mulheres,78 anos,110.0
MU,2503209,Cabedelo,PB,2022,Total,Mulheres,79 anos,104.0
MU,2503209,Cabedelo,PB,2022,Total,Mulheres,80 a 84 anos,409.0
MU,2503209,Cabedelo,PB,2022,Total,Mulheres,80 anos,90.0
MU,2503209,Cabedelo,PB,2022,Total,Mulheres,81 anos,80.0
MU,2503209,Cabedelo,PB,2022,Total,Mulheres,82 anos,106.0
MU,2503209,Cabedelo,PB,2022,Total,Mulheres,83 anos,63.0
MU,2503209,Cabedelo,PB,2022,Total,Mulheres,84 anos,70.0
MU,2503209,Cabedelo,PB,2022,Total,Mulheres,85 a 89 anos,235.0
MU,2503209,Cabedelo,PB,2022,Total,Mulheres,85 anos,70.0
MU,2503209,Cabedelo,PB,2022,Total,Mulheres,86 anos,45.0
MU,2503209,Cabedelo,PB,2022,Total,Mulheres,87 anos,51.0
MU,2503209,Cabedelo,PB,2022,Total,Mulheres,88 anos,35.0
MU,2503209,Cabedelo,PB,2022,Total,Mulheres,89 anos,34.0
MU,2503209,Cabedelo,PB,2022,Total,Mulheres,90 a 94 anos,132.0
MU,2503209,Cabedelo,PB,2022,Total,Mulheres,90 anos,33.0
MU,2503209,Cabedelo,PB,2022,Total,Mulheres,91 anos,34.0
MU,2503209,Cabedelo,PB,2022,Total,Mulheres,92 anos,24.0
MU,2503209,Cabedelo,PB,2022,Total,Mulheres,93 anos,25.0
MU,2503209,Cabedelo,PB,2022,Total,Mulheres,94 anos,16.0
MU,2503209,Cabedelo,PB,2022,Total,Mulheres,95 a 99 anos,38.0
MU,2503209,Cabedelo,PB,2022,Total,Mulheres,95 anos,16.0
MU,2503209,Cabedelo,PB,2022,Total,Mulheres,96 anos,9.0
MU,2503209,Cabedelo,PB,2022,Total,Mulheres,97 anos,6.0
MU,2503209,Cabedelo,PB,2022,Total,Mulheres,98 anos,6.0
MU,2503209,Cabedelo,PB,2022,Total,Mulheres,99 anos,1.0
MU,2503209,Cabedelo,PB,2022,Total,Mulheres,100 anos ou mais,11.0
MU,2504009,Campina Grande,PB,2022,Total,Total,18 anos,6017.0
MU,2504009,Campina Grande,PB,2022,Total,Total,19 anos,6095.0
MU,2504009,Campina Grande,PB,2022,Total,Total,20 a 24 anos,33704.0
MU,2504009,Campina Grande,PB,2022,Total,Total,20 anos,6567.0
MU,2504009,Campina Grande,PB,2022,Total,Total,21 anos,6688.0
MU,2504009,Campina Grande,PB,2022,Total,Total,22 anos,7021.0
MU,2504009,Campina Grande,PB,2022,Total,Total,23 anos,6636.0
MU,2504009,Campina Grande,PB,2022,Total,Total,24 anos,6792.0
MU,2504009,Campina Grande,PB,2022,Total,Total,25 a 29 anos,33949.0
MU,2504009,Campina Grande,PB,2022,Total,Total,25 anos,6919.0
MU,2504009,Campina Grande,PB,2022,Total,Total,26 anos,6936.0
MU,2504009,Campina Grande,PB,2022,Total,Total,27 anos,6889.0
MU,2504009,Campina Grande,PB,2022,Total,Total,28 anos,6731.0
MU,2504009,Campina Grande,PB,2022,Total,Total,29 anos,6474.0
MU,2504009,Campina Grande,PB,2022,Total,Total,30 a 34 anos,33066.0
MU,2504009,Campina Grande,PB,2022,Total,Total,30 anos,6822.0
MU,2504009,Campina Grande,PB,2022,Total,Total,31 anos,6256.0
MU,2504009,Campina Grande,PB,2022,Total,Total,32 anos,6592.0
MU,2504009,Campina Grande,PB,2022,Total,Total,33 anos,6711.0
MU,2504009,Campina Grande,PB,2022,Total,Total,34 anos,6685.0
MU,2504009,Campina Grande,PB,2022,Total,Total,35 a 39 anos,34070.0
MU,2504009,Campina Grande,PB,2022,Total,Total,35 anos,6891.0
MU,2504009,Campina Grande,PB,2022,Total,Total,36 anos,7146.0
MU,2504009,Campina Grande,PB,2022,Total,Total,37 anos,6636.0
MU,2504009,Campina Grande,PB,2022,Total,Total,38 anos,6619.0
MU,2504009,Campina Grande,PB,2022,Total,Total,39 anos,6778.0
MU,2504009,Campina Grande,PB,2022,Total,Total,40 a 44 anos,32848.0
MU,2504009,Campina Grande,PB,2022,Total,Total,40 anos,7404.0
MU,2504009,Campina Grande,PB,2022,Total,Total,41 anos,6710.0
MU,2504009,Campina Grande,PB,2022,Total,Total,42 anos,6658.0
MU,2504009,Campina Grande,PB,2022,Total,Total,43 anos,6437.0
MU,2504009,Campina Grande,PB,2022,Total,Total,44 anos,5639.0
MU,2504009,Campina Grande,PB,2022,Total,Total,45 a 49 anos,27430.0
MU,2504009,Campina Grande,PB,2022,Total,Total,45 anos,5665.0
MU,2504009,Campina Grande,PB,2022,Total,Total,46 anos,5771.0
MU,2504009,Campina Grande,PB,2022,Total,Total,47 anos,5453.0
MU,2504009,Campina Grande,PB,2022,Total,Total,48 anos,5374.0
MU,2504009,Campina Grande,PB,2022,Total,Total,49 anos,5167.0
MU,2504009,Campina Grande,PB,2022,Total,Total,50 a 54 anos,25147.0
MU,2504009,Campina Grande,PB,2022,Total,Total,50 anos,5242.0
MU,2504009,Campina Grande,PB,2022,Total,Total,51 anos,4810.0
MU,2504009,Campina Grande,PB,2022,Total,Total,52 anos,5145.0
MU,2504009,Campina Grande,PB,2022,Total,Total,53 anos,4951.0
MU,2504009,Campina Grande,PB,2022,Total,Total,54 anos,4999.0
MU,2504009,Campina Grande,PB,2022,Total,Total,55 a 59 anos,23302.0
MU,2504009,Campina Grande,PB,2022,Total,Total,55 anos,4764.0
MU,2504009,Campina Grande,PB,2022,Total,Total,56 anos,4662.0
MU,2504009,Campina Grande,PB,2022,Total,Total,57 anos,4722.0
MU,2504009,Campina Grande,PB,2022,Total,Total,58 anos,4705.0
MU,2504009,Campina Grande,PB,2022,Total,Total,59 anos,4449.0
MU,2504009,Campina Grande,PB,2022,Total,Total,60 a 64 anos,18976.0
MU,2504009,Campina Grande,PB,2022,Total,Total,60 anos,4228.0
MU,2504009,Campina Grande,PB,2022,Total,Total,61 anos,3990.0
MU,2504009,Campina Grande,PB,2022,Total,Total,62 anos,3975.0
MU,2504009,Campina Grande,PB,2022,Total,Total,63 anos,3543.0
MU,2504009,Campina Grande,PB,2022,Total,Total,64 anos,3240.0
MU,2504009,Campina Grande,PB,2022,Total,Total,65 a 69 anos,14640.0
MU,2504009,Campina Grande,PB,2022,Total,Total,65 anos,3298.0
MU,2504009,Campina Grande,PB,2022,Total,Total,66 anos,3079.0
MU,2504009,Campina Grande,PB,2022,Total,Total,67 anos,2916.0
MU,2504009,Campina Grande,PB,2022,Total,Total,68 anos,2875.0
MU,2504009,Campina Grande,PB,2022,Total,Total,69 anos,2472.0
MU,2504009,Campina Grande,PB,2022,Total,Total,70 a 74 anos,11265.0
MU,2504009,Campina Grande,PB,2022,Total,Total,70 anos,2521.0
MU,2504009,Campina Grande,PB,2022,Total,Total,71 anos,2189.0
MU,2504009,Campina Grande,PB,2022,Total,Total,72 anos,2481.0
MU,2504009,Campina Grande,PB,2022,Total,Total,73 anos,2074.0
MU,2504009,Campina Grande,PB,2022,Total,Total,74 anos,2000.0
MU,2504009,Campina Grande,PB,2022,Total,Total,75 a 79 anos,7685.0
MU,2504009,Campina Grande,PB,2022,Total,Total,75 anos,1827.0
MU,2504009,Campina Grande,PB,2022,Total,Total,76 anos,1722.0
MU,2504009,Campina Grande,PB,2022,Total,Total,77 anos,1530.0
MU,2504009,Campina Grande,PB,2022,Total,Total,78 anos,1369.0
MU,2504009,Campina Grande,PB,2022,Total,Total,79 anos,1237.0
MU,2504009,Campina Grande,PB,2022,Total,Total,80 a 84 anos,5342.0
MU,2504009,Campina Grande,PB,2022,Total,Total,80 anos,1208.0
MU,2504009,Campina Grande,PB,2022,Total,Total,81 anos,1060.0
MU,2504009,Campina Grande,PB,2022,Total,Total,82 anos,1227.0
MU,2504009,Campina Grande,PB,2022,Total,Total,83 anos,948.0
MU,2504009,Campina Grande,PB,2022,Total,Total,84 anos,899.0
MU,2504009,Campina Grande,PB,2022,Total,Total,85 a 89 anos,2964.0
MU,2504009,Campina Grande,PB,2022,Total,Total,85 anos,751.0
MU,2504009,Campina Grande,PB,2022,Total,Total,86 anos,787.0
MU,2504009,Campina Grande,PB,2022,Total,Total,87 anos,626.0
MU,2504009,Campina Grande,PB,2022,Total,Total,88 anos,476.0
MU,2504009,Campina Grande,PB,2022,Total,Total,89 anos,324.0
MU,2504009,Campina Grande,PB,2022,Total,Total,90 a 94 anos,1342.0
MU,2504009,Campina Grande,PB,2022,Total,Total,90 anos,384.0
MU,2504009,Campina Grande,PB,2022,Total,Total,91 anos,289.0
MU,2504009,Campina Grande,PB,2022,Total,Total,92 anos,308.0
MU,2504009,Campina Grande,PB,2022,Total,Total,93 anos,179.0
MU,2504009,Campina Grande,PB,2022,Total,Total,94 anos,182.0
MU,2504009,Campina Grande,PB,2022,Total,Total,95 a 99 anos,484.0
MU,2504009,Campina Grande,PB,2022,Total,Total,95 anos,141.0
MU,2504009,Campina Grande,PB,2022,Total,Total,96 anos,127.0
MU,2504009,Campina Grande,PB,2022,Total,Total,97 anos,97.0
MU,2504009,Campina Grande,PB,2022,Total,Total,98 anos,63.0
MU,2504009,Campina Grande,PB,2022,Total,Total,99 anos,56.0
MU,2504009,Campina Grande,PB,2022,Total,Total,100 anos ou mais,129.0
MU,2504009,Campina Grande,PB,2022,Total,Homens,18 anos,3082.0
MU,2504009,Campina Grande,PB,2022,Total,Homens,19 anos,3058.0
MU,2504009,Campina Grande,PB,2022,Total,Homens,20 a 24 anos,16865.0
MU,2504009,Campina Grande,PB,2022,Total,Homens,20 anos,3286.0
MU,2504009,Campina Grande,PB,2022,Total,Homens,21 anos,3347.0
MU,2504009,Campina Grande,PB,2022,Total,Homens,22 anos,3516.0
MU,2504009,Campina Grande,PB,2022,Total,Homens,23 anos,3221.0
MU,2504009,Campina Grande,PB,2022,Total,Homens,24 anos,3495.0
MU,2504009,Campina Grande,PB,2022,Total,Homens,25 a 29 anos,16764.0
MU,2504009,Campina Grande,PB,2022,Total,Homens,25 anos,3489.0
MU,2504009,Campina Grande,PB,2022,Total,Homens,26 anos,3373.0
MU,2504009,Campina Grande,PB,2022,Total,Homens,27 anos,3423.0
MU,2504009,Campina Grande,PB,2022,Total,Homens,28 anos,3342.0
MU,2504009,Campina Grande,PB,2022,Total,Homens,29 anos,3137.0
MU,2504009,Campina Grande,PB,2022,Total,Homens,30 a 34 anos,15819.0
MU,2504009,Campina Grande,PB,2022,Total,Homens,30 anos,3284.0
MU,2504009,Campina Grande,PB,2022,Total,Homens,31 anos,3012.0
MU,2504009,Campina Grande,PB,2022,Total,Homens,32 anos,3176.0
MU,2504009,Campina Grande,PB,2022,Total,Homens,33 anos,3255.0
MU,2504009,Campina Grande,PB,2022,Total,Homens,34 anos,3092.0
MU,2504009,Campina Grande,PB,2022,Total,Homens,35 a 39 anos,16329.0
MU,2504009,Campina Grande,PB,2022,Total,Homens,35 anos,3249.0
MU,2504009,Campina Grande,PB,2022,Total,Homens,36 anos,3456.0
MU,2504009,Campina Grande,PB,2022,Total,Homens,37 anos,3252.0
MU,2504009,Campina Grande,PB,2022,Total,Homens,38 anos,3170.0
MU,2504009,Campina Grande,PB,2022,Total,Homens,39 anos,3202.0
MU,2504009,Campina Grande,PB,2022,Total,Homens,40 a 44 anos,15496.0
MU,2504009,Campina Grande,PB,2022,Total,Homens,40 anos,3513.0
MU,2504009,Campina Grande,PB,2022,Total,Homens,41 anos,3137.0
MU,2504009,Campina Grande,PB,2022,Total,Homens,42 anos,3167.0
MU,2504009,Campina Grande,PB,2022,Total,Homens,43 anos,3041.0
MU,2504009,Campina Grande,PB,2022,Total,Homens,44 anos,2638.0
MU,2504009,Campina Grande,PB,2022,Total,Homens,45 a 49 anos,12661.0
MU,2504009,Campina Grande,PB,2022,Total,Homens,45 anos,2613.0
MU,2504009,Campina Grande,PB,2022,Total,Homens,46 anos,2686.0
MU,2504009,Campina Grande,PB,2022,Total,Homens,47 anos,2465.0
MU,2504009,Campina Grande,PB,2022,Total,Homens,48 anos,2506.0
MU,2504009,Campina Grande,PB,2022,Total,Homens,49 anos,2391.0
MU,2504009,Campina Grande,PB,2022,Total,Homens,50 a 54 anos,11414.0
MU,2504009,Campina Grande,PB,2022,Total,Homens,50 anos,2395.0
MU,2504009,Campina Grande,PB,2022,Total,Homens,51 anos,2217.0
MU,2504009,Campina Grande,PB,2022,Total,Homens,52 anos,2345.0
MU,2504009,Campina Grande,PB,2022,Total,Homens,53 anos,2215.0
MU,2504009,Campina Grande,PB,2022,Total,Homens,54 anos,2242.0
MU,2504009,Campina Grande,PB,2022,Total,Homens,55 a 59 anos,10364.0
MU,2504009,Campina Grande,PB,2022,Total,Homens,55 anos,2159.0
MU,2504009,Campina Grande,PB,2022,Total,Homens,56 anos,2068.0
MU,2504009,Campina Grande,PB,2022,Total,Homens,57 anos,2093.0
MU,2504009,Campina Grande,PB,2022,Total,Homens,58 anos,2076.0
MU,2504009,Campina Grande,PB,2022,Total,Homens,59 anos,1968.0
MU,2504009,Campina Grande,PB,2022,Total,Homens,60 a 64 anos,8261.0
MU,2504009,Campina Grande,PB,2022,Total,Homens,60 anos,1813.0
MU,2504009,Campina Grande,PB,2022,Total,Homens,61 anos,1757.0
MU,2504009,Campina Grande,PB,2022,Total,Homens,62 anos,1759.0
MU,2504009,Campina Grande,PB,2022,Total,Homens,63 anos,1545.0
MU,2504009,Campina Grande,PB,2022,Total,Homens,64 anos,1387.0
MU,2504009,Campina Grande,PB,2022,Total,Homens,65 a 69 anos,6159.0
MU,2504009,Campina Grande,PB,2022,Total,Homens,65 anos,1405.0
MU,2504009,Campina Grande,PB,2022,Total,Homens,66 anos,1252.0
MU,2504009,Campina Grande,PB,2022,Total,Homens,67 anos,1255.0
MU,2504009,Campina Grande,PB,2022,Total,Homens,68 anos,1233.0
MU,2504009,Campina Grande,PB,2022,Total,Homens,69 anos,1014.0
MU,2504009,Campina Grande,PB,2022,Total,Homens,70 a 74 anos,4575.0
MU,2504009,Campina Grande,PB,2022,Total,Homens,70 anos,1046.0
MU,2504009,Campina Grande,PB,2022,Total,Homens,71 anos,928.0
MU,2504009,Campina Grande,PB,2022,Total,Homens,72 anos,975.0
MU,2504009,Campina Grande,PB,2022,Total,Homens,73 anos,856.0
MU,2504009,Campina Grande,PB,2022,Total,Homens,74 anos,770.0
MU,2504009,Campina Grande,PB,2022,Total,Homens,75 a 79 anos,2858.0
MU,2504009,Campina Grande,PB,2022,Total,Homens,75 anos,707.0
MU,2504009,Campina Grande,PB,2022,Total,Homens,76 anos,624.0
MU,2504009,Campina Grande,PB,2022,Total,Homens,77 anos,546.0
MU,2504009,Campina Grande,PB,2022,Total,Homens,78 anos,516.0
MU,2504009,Campina Grande,PB,2022,Total,Homens,79 anos,465.0
MU,2504009,Campina Grande,PB,2022,Total,Homens,80 a 84 anos,1822.0
MU,2504009,Campina Grande,PB,2022,Total,Homens,80 anos,440.0
MU,2504009,Campina Grande,PB,2022,Total,Homens,81 anos,380.0
MU,2504009,Campina Grande,PB,2022,Total,Homens,82 anos,421.0
MU,2504009,Campina Grande,PB,2022,Total,Homens,83 anos,300.0
MU,2504009,Campina Grande,PB,2022,Total,Homens,84 anos,281.0
MU,2504009,Campina Grande,PB,2022,Total,Homens,85 a 89 anos,943.0
MU,2504009,Campina Grande,PB,2022,Total,Homens,85 anos,259.0
MU,2504009,Campina Grande,PB,2022,Total,Homens,86 anos,242.0
MU,2504009,Campina Grande,PB,2022,Total,Homens,87 anos,190.0
MU,2504009,Campina Grande,PB,2022,Total,Homens,88 anos,145.0
MU,2504009,Campina Grande,PB,2022,Total,Homens,89 anos,107.0
MU,2504009,Campina Grande,PB,2022,Total,Homens,90 a 94 anos,373.0
MU,2504009,Campina Grande,PB,2022,Total,Homens,90 anos,102.0
MU,2504009,Campina Grande,PB,2022,Total,Homens,91 anos,86.0
MU,2504009,Campina Grande,PB,2022,Total,Homens,92 anos,88.0
MU,2504009,Campina Grande,PB,2022,Total,Homens,93 anos,53.0
MU,2504009,Campina Grande,PB,2022,Total,Homens,94 anos,44.0
MU,2504009,Campina Grande,PB,2022,Total,Homens,95 a 99 anos,136.0
MU,2504009,Campina Grande,PB,2022,Total,Homens,95 anos,36.0
MU,2504009,Campina Grande,PB,2022,Total,Homens,96 anos,37.0
MU,2504009,Campina Grande,PB,2022,Total,Homens,97 anos,32.0
MU,2504009,Campina Grande,PB,2022,Total,Homens,98 anos,16.0
MU,2504009,Campina Grande,PB,2022,Total,Homens,99 anos,15.0
MU,2504009,Campina Grande,PB,2022,Total,Homens,100 anos ou mais,33.0
MU,2504009,Campina Grande,PB,2022,Total,Mulheres,18 anos,2935.0
MU,2504009,Campina Grande,PB,2022,Total,Mulheres,19 anos,3037.0
MU,2504009,Campina Grande,PB,2022,Total,Mulheres,20 a 24 anos,16839.0
MU,2504009,Campina Grande,PB,2022,Total,Mulheres,20 anos,3281.0
MU,2504009,Campina Grande,PB,2022,Total,Mulheres,21 anos,3341.0
MU,2504009,Campina Grande,PB,2022,Total,Mulheres,22 anos,3505.0
MU,2504009,Campina Grande,PB,2022,Total,Mulheres,23 anos,3415.0
MU,2504009,Campina Grande,PB,2022,Total,Mulheres,24 anos,3297.0
MU,2504009,Campina Grande,PB,2022,Total,Mulheres,25 a 29 anos,17185.0
MU,2504009,Campina Grande,PB,2022,Total,Mulheres,25 anos,3430.0
MU,2504009,Campina Grande,PB,2022,Total,Mulheres,26 anos,3563.0
MU,2504009,Campina Grande,PB,2022,Total,Mulheres,27 anos,3466.0
MU,2504009,Campina Grande,PB,2022,Total,Mulheres,28 anos,3389.0
MU,2504009,Campina Grande,PB,2022,Total,Mulheres,29 anos,3337.0
MU,2504009,Campina Grande,PB,2022,Total,Mulheres,30 a 34 anos,17247.0
MU,2504009,Campina Grande,PB,2022,Total,Mulheres,30 anos,3538.0
MU,2504009,Campina Grande,PB,2022,Total,Mulheres,31 anos,3244.0
MU,2504009,Campina Grande,PB,2022,Total,Mulheres,32 anos,3416.0
MU,2504009,Campina Grande,PB,2022,Total,Mulheres,33 anos,3456.0
MU,2504009,Campina Grande,PB,2022,Total,Mulheres,34 anos,3593.0
MU,2504009,Campina Grande,PB,2022,Total,Mulheres,35 a 39 anos,17741.0
MU,2504009,Campina Grande,PB,2022,Total,Mulheres,35 anos,3642.0
MU,2504009,Campina Grande,PB,2022,Total,Mulheres,36 anos,3690.0
MU,2504009,Campina Grande,PB,2022,Total,Mulheres,37 anos,3384.0
MU,2504009,Campina Grande,PB,2022,Total,Mulheres,38 anos,3449.0
MU,2504009,Campina Grande,PB,2022,Total,Mulheres,39 anos,3576.0
MU,2504009,Campina Grande,PB,2022,Total,Mulheres,40 a 44 anos,17352.0
MU,2504009,Campina Grande,PB,2022,Total,Mulheres,40 anos,3891.0
MU,2504009,Campina Grande,PB,2022,Total,Mulheres,41 anos,3573.0
MU,2504009,Campina Grande,PB,2022,Total,Mulheres,42 anos,3491.0
MU,2504009,Campina Grande,PB,2022,Total,Mulheres,43 anos,3396.0
MU,2504009,Campina Grande,PB,2022,Total,Mulheres,44 anos,3001.0
MU,2504009,Campina Grande,PB,2022,Total,Mulheres,45 a 49 anos,14769.0
MU,2504009,Campina Grande,PB,2022,Total,Mulheres,45 anos,3052.0
MU,2504009,Campina Grande,PB,2022,Total,Mulheres,46 anos,3085.0
MU,2504009,Campina Grande,PB,2022,Total,Mulheres,47 anos,2988.0
MU,2504009,Campina Grande,PB,2022,Total,Mulheres,48 anos,2868.0
MU,2504009,Campina Grande,PB,2022,Total,Mulheres,49 anos,2776.0
MU,2504009,Campina Grande,PB,2022,Total,Mulheres,50 a 54 anos,13733.0
MU,2504009,Campina Grande,PB,2022,Total,Mulheres,50 anos,2847.0
MU,2504009,Campina Grande,PB,2022,Total,Mulheres,51 anos,2593.0
MU,2504009,Campina Grande,PB,2022,Total,Mulheres,52 anos,2800.0
MU,2504009,Campina Grande,PB,2022,Total,Mulheres,53 anos,2736.0
MU,2504009,Campina Grande,PB,2022,Total,Mulheres,54 anos,2757.0
MU,2504009,Campina Grande,PB,2022,Total,Mulheres,55 a 59 anos,12938.0
MU,2504009,Campina Grande,PB,2022,Total,Mulheres,55 anos,2605.0
MU,2504009,Campina Grande,PB,2022,Total,Mulheres,56 anos,2594.0
MU,2504009,Campina Grande,PB,2022,Total,Mulheres,57 anos,2629.0
MU,2504009,Campina Grande,PB,2022,Total,Mulheres,58 anos,2629.0
MU,2504009,Campina Grande,PB,2022,Total,Mulheres,59 anos,2481.0
MU,2504009,Campina Grande,PB,2022,Total,Mulheres,60 a 64 anos,10715.0
MU,2504009,Campina Grande,PB,2022,Total,Mulheres,60 anos,2415.0
MU,2504009,Campina Grande,PB,2022,Total,Mulheres,61 anos,2233.0
MU,2504009,Campina Grande,PB,2022,Total,Mulheres,62 anos,2216.0
MU,2504009,Campina Grande,PB,2022,Total,Mulheres,63 anos,1998.0
MU,2504009,Campina Grande,PB,2022,Total,Mulheres,64 anos,1853.0
MU,2504009,Campina Grande,PB,2022,Total,Mulheres,65 a 69 anos,8481.0
MU,2504009,Campina Grande,PB,2022,Total,Mulheres,65 anos,1893.0
MU,2504009,Campina Grande,PB,2022,Total,Mulheres,66 anos,1827.0
MU,2504009,Campina Grande,PB,2022,Total,Mulheres,67 anos,1661.0
MU,2504009,Campina Grande,PB,2022,Total,Mulheres,68 anos,1642.0
MU,2504009,Campina Grande,PB,2022,Total,Mulheres,69 anos,1458.0
MU,2504009,Campina Grande,PB,2022,Total,Mulheres,70 a 74 anos,6690.0
MU,2504009,Campina Grande,PB,2022,Total,Mulheres,70 anos,1475.0
MU,2504009,Campina Grande,PB,2022,Total,Mulheres,71 anos,1261.0
MU,2504009,Campina Grande,PB,2022,Total,Mulheres,72 anos,1506.0
MU,2504009,Campina Grande,PB,2022,Total,Mulheres,73 anos,1218.0
MU,2504009,Campina Grande,PB,2022,Total,Mulheres,74 anos,1230.0
MU,2504009,Campina Grande,PB,2022,Total,Mulheres,75 a 79 anos,4827.0
MU,2504009,Campina Grande,PB,2022,Total,Mulheres,75 anos,1120.0
MU,2504009,Campina Grande,PB,2022,Total,Mulheres,76 anos,1098.0
MU,2504009,Campina Grande,PB,2022,Total,Mulheres,77 anos,984.0
MU,2504009,Campina Grande,PB,2022,Total,Mulheres,78 anos,853.0
MU,2504009,Campina Grande,PB,2022,Total,Mulheres,79 anos,772.0
MU,2504009,Campina Grande,PB,2022,Total,Mulheres,80 a 84 anos,3520.0
MU,2504009,Campina Grande,PB,2022,Total,Mulheres,80 anos,768.0
MU,2504009,Campina Grande,PB,2022,Total,Mulheres,81 anos,680.0
MU,2504009,Campina Grande,PB,2022,Total,Mulheres,82 anos,806.0
MU,2504009,Campina Grande,PB,2022,Total,Mulheres,83 anos,648.0
MU,2504009,Campina Grande,PB,2022,Total,Mulheres,84 anos,618.0
MU,2504009,Campina Grande,PB,2022,Total,Mulheres,85 a 89 anos,2021.0
MU,2504009,Campina Grande,PB,2022,Total,Mulheres,85 anos,492.0
MU,2504009,Campina Grande,PB,2022,Total,Mulheres,86 anos,545.0
MU,2504009,Campina Grande,PB,2022,Total,Mulheres,87 anos,436.0
MU,2504009,Campina Grande,PB,2022,Total,Mulheres,88 anos,331.0
MU,2504009,Campina Grande,PB,2022,Total,Mulheres,89 anos,217.0
MU,2504009,Campina Grande,PB,2022,Total,Mulheres,90 a 94 anos,969.0
MU,2504009,Campina Grande,PB,2022,Total,Mulheres,90 anos,282.0
MU,2504009,Campina Grande,PB,2022,Total,Mulheres,91 anos,203.0
MU,2504009,Campina Grande,PB,2022,Total,Mulheres,92 anos,220.0
MU,2504009,Campina Grande,PB,2022,Total,Mulheres,93 anos,126.0
MU,2504009,Campina Grande,PB,2022,Total,Mulheres,94 anos,138.0
MU,2504009,Campina Grande,PB,2022,Total,Mulheres,95 a 99 anos,348.0
MU,2504009,Campina Grande,PB,2022,Total,Mulheres,95 anos,105.0
MU,2504009,Campina Grande,PB,2022,Total,Mulheres,96 anos,90.0
MU,2504009,Campina Grande,PB,2022,Total,Mulheres,97 anos,65.0
MU,2504009,Campina Grande,PB,2022,Total,Mulheres,98 anos,47.0
MU,2504009,Campina Grande,PB,2022,Total,Mulheres,99 anos,41.0
MU,2504009,Campina Grande,PB,2022,Total,Mulheres,100 anos ou mais,96.0
MU,2507507,João Pessoa,PB,2022,Total,Total,18 anos,11642.0
MU,2507507,João Pessoa,PB,2022,Total,Total,19 anos,11932.0
MU,2507507,João Pessoa,PB,2022,Total,Total,20 a 24 anos,63682.0
MU,2507507,João Pessoa,PB,2022,Total,Total,20 anos,12209.0
MU,2507507,João Pessoa,PB,2022,Total,Total,21 anos,12253.0
MU,2507507,João Pessoa,PB,2022,Total,Total,22 anos,13549.0
MU,2507507,João Pessoa,PB,2022,Total,Total,23 anos,12740.0
MU,2507507,João Pessoa,PB,2022,Total,Total,24 anos,12931.0
MU,2507507,João Pessoa,PB,2022,Total,Total,25 a 29 anos,66089.0
MU,2507507,João Pessoa,PB,2022,Total,Total,25 anos,13127.0
MU,2507507,João Pessoa,PB,2022,Total,Total,26 anos,13290.0
MU,2507507,João Pessoa,PB,2022,Total,Total,27 anos,13654.0
MU,2507507,João Pessoa,PB,2022,Total,Total,28 anos,13347.0
MU,2507507,João Pessoa,PB,2022,Total,Total,29 anos,12671.0
MU,2507507,João Pessoa,PB,2022,Total,Total,30 a 34 anos,66602.0
MU,2507507,João Pessoa,PB,2022,Total,Total,30 anos,13432.0
MU,2507507,João Pessoa,PB,2022,Total,Total,31 anos,12477.0
MU,2507507,João Pessoa,PB,2022,Total,Total,32 anos,13050.0
MU,2507507,João Pessoa,PB,2022,Total,Total,33 anos,13762.0
MU,2507507,João Pessoa,PB,2022,Total,Total,34 anos,13881.0
MU,2507507,João Pessoa,PB,2022,Total,Total,35 a 39 anos,70608.0
MU,2507507,João Pessoa,PB,2022,Total,Total,35 anos,14555.0
MU,2507507,João Pessoa,PB,2022,Total,Total,36 anos,14513.0
MU,2507507,João Pessoa,PB,2022,Total,Total,37 anos,13826.0
MU,2507507,João Pessoa,PB,2022,Total,Total,38 anos,13726.0
MU,2507507,João Pessoa,PB,2022,Total,Total,39 anos,13988.0
MU,2507507,João Pessoa,PB,2022,Total,Total,40 a 44 anos,68409.0
MU,2507507,João Pessoa,PB,2022,Total,Total,40 anos,15319.0
MU,2507507,João Pessoa,PB,2022,Total,Total,41 anos,13735.0
MU,2507507,João Pessoa,PB,2022,Total,Total,42 anos,14049.0
MU,2507507,João Pessoa,PB,2022,Total,Total,43 anos,13252.0
MU,2507507,João Pessoa,PB,2022,Total,Total,44 anos,12054.0
MU,2507507,João Pessoa,PB,2022,Total,Total,45 a 49 anos,56492.0
MU,2507507,João Pessoa,PB,2022,Total,Total,45 anos,12114.0
MU,2507507,João Pessoa,PB,2022,Total,Total,46 anos,11480.0
MU,2507507,João Pessoa,PB,2022,Total,Total,47 anos,11186.0
MU,2507507,João Pessoa,PB,2022,Total,Total,48 anos,10886.0
MU,2507507,João Pessoa,PB,2022,Total,Total,49 anos,10826.0
MU,2507507,João Pessoa,PB,2022,Total,Total,50 a 54 anos,51839.0
MU,2507507,João Pessoa,PB,2022,Total,Total,50 anos,11109.0
MU,2507507,João Pessoa,PB,2022,Total,Total,51 anos,10108.0
MU,2507507,João Pessoa,PB,2022,Total,Total,52 anos,10756.0
MU,2507507,João Pessoa,PB,2022,Total,Total,53 anos,9932.0
MU,2507507,João Pessoa,PB,2022,Total,Total,54 anos,9934.0
MU,2507507,João Pessoa,PB,2022,Total,Total,55 a 59 anos,48051.0
MU,2507507,João Pessoa,PB,2022,Total,Total,55 anos,10008.0
MU,2507507,João Pessoa,PB,2022,Total,Total,56 anos,9838.0
MU,2507507,João Pessoa,PB,2022,Total,Total,57 anos,9821.0
MU,2507507,João Pessoa,PB,2022,Total,Total,58 anos,9556.0
MU,2507507,João Pessoa,PB,2022,Total,Total,59 anos,8828.0
MU,2507507,João Pessoa,PB,2022,Total,Total,60 a 64 anos,39034.0
MU,2507507,João Pessoa,PB,2022,Total,Total,60 anos,8755.0
MU,2507507,João Pessoa,PB,2022,Total,Total,61 anos,8081.0
MU,2507507,João Pessoa,PB,2022,Total,Total,62 anos,7943.0
MU,2507507,João Pessoa,PB,2022,Total,Total,63 anos,7201.0
MU,2507507,João Pessoa,PB,2022,Total,Total,64 anos,7054.0
MU,2507507,João Pessoa,PB,2022,Total,Total,65 a 69 anos,29992.0
MU,2507507,João Pessoa,PB,2022,Total,Total,65 anos,6867.0
MU,2507507,João Pessoa,PB,2022,Total,Total,66 anos,6270.0
MU,2507507,João Pessoa,PB,2022,Total,Total,67 anos,5997.0
MU,2507507,João Pessoa,PB,2022,Total,Total,68 anos,5685.0
MU,2507507,João Pessoa,PB,2022,Total,Total,69 anos,5173.0
MU,2507507,João Pessoa,PB,2022,Total,Total,70 a 74 anos,22403.0
MU,2507507,João Pessoa,PB,2022,Total,Total,70 anos,5121.0
MU,2507507,João Pessoa,PB,2022,Total,Total,71 anos,4461.0
MU,2507507,João Pessoa,PB,2022,Total,Total,72 anos,4908.0
MU,2507507,João Pessoa,PB,2022,Total,Total,73 anos,3998.0
MU,2507507,João Pessoa,PB,2022,Total,Total,74 anos,3915.0
MU,2507507,João Pessoa,PB,2022,Total,Total,75 a 79 anos,14400.0
MU,2507507,João Pessoa,PB,2022,Total,Total,75 anos,3483.0
MU,2507507,João Pessoa,PB,2022,Total,Total,76 anos,3168.0
MU,2507507,João Pessoa,PB,2022,Total,Total,77 anos,2884.0
MU,2507507,João Pessoa,PB,2022,Total,Total,78 anos,2555.0
MU,2507507,João Pessoa,PB,2022,Total,Total,79 anos,2310.0
MU,2507507,João Pessoa,PB,2022,Total,Total,80 a 84 anos,9589.0
MU,2507507,João Pessoa,PB,2022,Total,Total,80 anos,2280.0
MU,2507507,João Pessoa,PB,2022,Total,Total,81 anos,1916.0
MU,2507507,João Pessoa,PB,2022,Total,Total,82 anos,2177.0
MU,2507507,João Pessoa,PB,2022,Total,Total,83 anos,1669.0
MU,2507507,João Pessoa,PB,2022,Total,Total,84 anos,1547.0
MU,2507507,João Pessoa,PB,2022,Total,Total,85 a 89 anos,5015.0
MU,2507507,João Pessoa,PB,2022,Total,Total,85 anos,1302.0
MU,2507507,João Pessoa,PB,2022,Total,Total,86 anos,1230.0
MU,2507507,João Pessoa,PB,2022,Total,Total,87 anos,1041.0
MU,2507507,João Pessoa,PB,2022,Total,Total,88 anos,788.0
MU,2507507,João Pessoa,PB,2022,Total,Total,89 anos,654.0
MU,2507507,João Pessoa,PB,2022,Total,Total,90 a 94 anos,2351.0
MU,2507507,João Pessoa,PB,2022,Total,Total,90 anos,700.0
MU,2507507,João Pessoa,PB,2022,Total,Total,91 anos,513.0
MU,2507507,João Pessoa,PB,2022,Total,Total,92 anos,521.0
MU,2507507,João Pessoa,PB,2022,Total,Total,93 anos,356.0
MU,2507507,João Pessoa,PB,2022,Total,Total,94 anos,261.0
MU,2507507,João Pessoa,PB,2022,Total,Total,95 a 99 anos,676.0
MU,2507507,João Pessoa,PB,2022,Total,Total,95 anos,217.0
MU,2507507,João Pessoa,PB,2022,Total,Total,96 anos,162.0
MU,2507507,João Pessoa,PB,2022,Total,Total,97 anos,135.0
MU,2507507,João Pessoa,PB,2022,Total,Total,98 anos,102.0
MU,2507507,João Pessoa,PB,2022,Total,Total,99 anos,60.0
MU,2507507,João Pessoa,PB,2022,Total,Total,100 anos ou mais,154.0
MU,2507507,João Pessoa,PB,2022,Total,Homens,18 anos,5723.0
MU,2507507,João Pessoa,PB,2022,Total,Homens,19 anos,6026.0
MU,2507507,João Pessoa,PB,2022,Total,Homens,20 a 24 anos,31339.0
MU,2507507,João Pessoa,PB,2022,Total,Homens,20 anos,5979.0
MU,2507507,João Pessoa,PB,2022,Total,Homens,21 anos,6071.0
MU,2507507,João Pessoa,PB,2022,Total,Homens,22 anos,6634.0
MU,2507507,João Pessoa,PB,2022,Total,Homens,23 anos,6283.0
MU,2507507,João Pessoa,PB,2022,Total,Homens,24 anos,6372.0
MU,2507507,João Pessoa,PB,2022,Total,Homens,25 a 29 anos,31941.0
MU,2507507,João Pessoa,PB,2022,Total,Homens,25 anos,6321.0
MU,2507507,João Pessoa,PB,2022,Total,Homens,26 anos,6402.0
MU,2507507,João Pessoa,PB,2022,Total,Homens,27 anos,6679.0
MU,2507507,João Pessoa,PB,2022,Total,Homens,28 anos,6502.0
MU,2507507,João Pessoa,PB,2022,Total,Homens,29 anos,6037.0
MU,2507507,João Pessoa,PB,2022,Total,Homens,30 a 34 anos,31501.0
MU,2507507,João Pessoa,PB,2022,Total,Homens,30 anos,6407.0
MU,2507507,João Pessoa,PB,2022,Total,Homens,31 anos,5955.0
MU,2507507,João Pessoa,PB,2022,Total,Homens,32 anos,6157.0
MU,2507507,João Pessoa,PB,2022,Total,Homens,33 anos,6490.0
MU,2507507,João Pessoa,PB,2022,Total,Homens,34 anos,6492.0
MU,2507507,João Pessoa,PB,2022,Total,Homens,35 a 39 anos,33045.0
MU,2507507,João Pessoa,PB,2022,Total,Homens,35 anos,6818.0
MU,2507507,João Pessoa,PB,2022,Total,Homens,36 anos,6808.0
MU,2507507,João Pessoa,PB,2022,Total,Homens,37 anos,6446.0
MU,2507507,João Pessoa,PB,2022,Total,Homens,38 anos,6440.0
MU,2507507,João Pessoa,PB,2022,Total,Homens,39 anos,6533.0
MU,2507507,João Pessoa,PB,2022,Total,Homens,40 a 44 anos,31447.0
MU,2507507,João Pessoa,PB,2022,Total,Homens,40 anos,7253.0
MU,2507507,João Pessoa,PB,2022,Total,Homens,41 anos,6246.0
MU,2507507,João Pessoa,PB,2022,Total,Homens,42 anos,6521.0
MU,2507507,João Pessoa,PB,2022,Total,Homens,43 anos,5940.0
MU,2507507,João Pessoa,PB,2022,Total,Homens,44 anos,5487.0
MU,2507507,João Pessoa,PB,2022,Total,Homens,45 a 49 anos,25453.0
MU,2507507,João Pessoa,PB,2022,Total,Homens,45 anos,5555.0
MU,2507507,João Pessoa,PB,2022,Total,Homens,46 anos,5291.0
MU,2507507,João Pessoa,PB,2022,Total,Homens,47 anos,5020.0
MU,2507507,João Pessoa,PB,2022,Total,Homens,48 anos,4777.0
MU,2507507,João Pessoa,PB,2022,Total,Homens,49 anos,4810.0
MU,2507507,João Pessoa,PB,2022,Total,Homens,50 a 54 anos,23117.0
MU,2507507,João Pessoa,PB,2022,Total,Homens,50 anos,5060.0
MU,2507507,João Pessoa,PB,2022,Total,Homens,51 anos,4457.0
MU,2507507,João Pessoa,PB,2022,Total,Homens,52 anos,4830.0
MU,2507507,João Pessoa,PB,2022,Total,Homens,53 anos,4344.0
MU,2507507,João Pessoa,PB,2022,Total,Homens,54 anos,4426.0
MU,2507507,João Pessoa,PB,2022,Total,Homens,55 a 59 anos,20941.0
MU,2507507,João Pessoa,PB,2022,Total,Homens,55 anos,4331.0
MU,2507507,João Pessoa,PB,2022,Total,Homens,56 anos,4290.0
MU,2507507,João Pessoa,PB,2022,Total,Homens,57 anos,4231.0
MU,2507507,João Pessoa,PB,2022,Total,Homens,58 anos,4207.0
MU,2507507,João Pessoa,PB,2022,Total,Homens,59 anos,3882.0
MU,2507507,João Pessoa,PB,2022,Total,Homens,60 a 64 anos,16719.0
MU,2507507,João Pessoa,PB,2022,Total,Homens,60 anos,3829.0
MU,2507507,João Pessoa,PB,2022,Total,Homens,61 anos,3525.0
MU,2507507,João Pessoa,PB,2022,Total,Homens,62 anos,3392.0
MU,2507507,João Pessoa,PB,2022,Total,Homens,63 anos,3014.0
MU,2507507,João Pessoa,PB,2022,Total,Homens,64 anos,2959.0
MU,2507507,João Pessoa,PB,2022,Total,Homens,65 a 69 anos,12419.0
MU,2507507,João Pessoa,PB,2022,Total,Homens,65 anos,2943.0
MU,2507507,João Pessoa,PB,2022,Total,Homens,66 anos,2615.0
MU,2507507,João Pessoa,PB,2022,Total,Homens,67 anos,2471.0
MU,2507507,João Pessoa,PB,2022,Total,Homens,68 anos,2333.0
MU,2507507,João Pessoa,PB,2022,Total,Homens,69 anos,2057.0
MU,2507507,João Pessoa,PB,2022,Total,Homens,70 a 74 anos,8895.0
MU,2507507,João Pessoa,PB,2022,Total,Homens,70 anos,2028.0
MU,2507507,João Pessoa,PB,2022,Total,Homens,71 anos,1892.0
MU,2507507,João Pessoa,PB,2022,Total,Homens,72 anos,1870.0
MU,2507507,João Pessoa,PB,2022,Total,Homens,73 anos,1546.0
MU,2507507,João Pessoa,PB,2022,Total,Homens,74 anos,1559.0
MU,2507507,João Pessoa,PB,2022,Total,Homens,75 a 79 anos,5492.0
MU,2507507,João Pessoa,PB,2022,Total,Homens,75 anos,1392.0
MU,2507507,João Pessoa,PB,2022,Total,Homens,76 anos,1206.0
MU,2507507,João Pessoa,PB,2022,Total,Homens,77 anos,1090.0
MU,2507507,João Pessoa,PB,2022,Total,Homens,78 anos,938.0
MU,2507507,João Pessoa,PB,2022,Total,Homens,79 anos,866.0
MU,2507507,João Pessoa,PB,2022,Total,Homens,80 a 84 anos,3277.0
MU,2507507,João Pessoa,PB,2022,Total,Homens,80 anos,822.0
MU,2507507,João Pessoa,PB,2022,Total,Homens,81 anos,680.0
MU,2507507,João Pessoa,PB,2022,Total,Homens,82 anos,731.0
MU,2507507,João Pessoa,PB,2022,Total,Homens,83 anos,535.0
MU,2507507,João Pessoa,PB,2022,Total,Homens,84 anos,509.0
MU,2507507,João Pessoa,PB,2022,Total,Homens,85 a 89 anos,1519.0
MU,2507507,João Pessoa,PB,2022,Total,Homens,85 anos,428.0
MU,2507507,João Pessoa,PB,2022,Total,Homens,86 anos,354.0
MU,2507507,João Pessoa,PB,2022,Total,Homens,87 anos,318.0
MU,2507507,João Pessoa,PB,2022,Total,Homens,88 anos,226.0
MU,2507507,João Pessoa,PB,2022,Total,Homens,89 anos,193.0
MU,2507507,João Pessoa,PB,2022,Total,Homens,90 a 94 anos,548.0
MU,2507507,João Pessoa,PB,2022,Total,Homens,90 anos,176.0
MU,2507507,João Pessoa,PB,2022,Total,Homens,91 anos,99.0
MU,2507507,João Pessoa,PB,2022,Total,Homens,92 anos,130.0
MU,2507507,João Pessoa,PB,2022,Total,Homens,93 anos,94.0
MU,2507507,João Pessoa,PB,2022,Total,Homens,94 anos,49.0
MU,2507507,João Pessoa,PB,2022,Total,Homens,95 a 99 anos,147.0
MU,2507507,João Pessoa,PB,2022,Total,Homens,95 anos,47.0
MU,2507507,João Pessoa,PB,2022,Total,Homens,96 anos,38.0
MU,2507507,João Pessoa,PB,2022,Total,Homens,97 anos,25.0
MU,2507507,João Pessoa,PB,2022,Total,Homens,98 anos,21.0
MU,2507507,João Pessoa,PB,2022,Total,Homens,99 anos,16.0
MU,2507507,João Pessoa,PB,2022,Total,Homens,100 anos ou mais,24.0
MU,2507507,João Pessoa,PB,2022,Total,Mulheres,18 anos,5919.0
MU,2507507,João Pessoa,PB,2022,Total,Mulheres,19 anos,5906.0
MU,2507507,João Pessoa,PB,2022,Total,Mulheres,20 a 24 anos,32343.0
MU,2507507,João Pessoa,PB,2022,Total,Mulheres,20 anos,6230.0
MU,2507507,João Pessoa,PB,2022,Total,Mulheres,21 anos,6182.0
MU,2507507,João Pessoa,PB,2022,Total,Mulheres,22 anos,6915.0
MU,2507507,João Pessoa,PB,2022,Total,Mulheres,23 anos,6457.0
MU,2507507,João Pessoa,PB,2022,Total,Mulheres,24 anos,6559.0
MU,2507507,João Pessoa,PB,2022,Total,Mulheres,25 a 29 anos,34148.0
MU,2507507,João Pessoa,PB,2022,Total,Mulheres,25 anos,6806.0
MU,2507507,João Pessoa,PB,2022,Total,Mulheres,26 anos,6888.0
MU,2507507,João Pessoa,PB,2022,Total,Mulheres,27 anos,6975.0
MU,2507507,João Pessoa,PB,2022,Total,Mulheres,28 anos,6845.0
MU,2507507,João Pessoa,PB,2022,Total,Mulheres,29 anos,6634.0
MU,2507507,João Pessoa,PB,2022,Total,Mulheres,30 a 34 anos,35101.0
MU,2507507,João Pessoa,PB,2022,Total,Mulheres,30 anos,7025.0
MU,2507507,João Pessoa,PB,2022,Total,Mulheres,31 anos,6522.0
MU,2507507,João Pessoa,PB,2022,Total,Mulheres,32 anos,6893.0
MU,2507507,João Pessoa,PB,2022,Total,Mulheres,33 anos,7272.0
MU,2507507,João Pessoa,PB,2022,Total,Mulheres,34 anos,7389.0
MU,2507507,João Pessoa,PB,2022,Total,Mulheres,35 a 39 anos,37563.0
MU,2507507,João Pessoa,PB,2022,Total,Mulheres,35 anos,7737.0
MU,2507507,João Pessoa,PB,2022,Total,Mulheres,36 anos,7705.0
MU,2507507,João Pessoa,PB,2022,Total,Mulheres,37 anos,7380.0
MU,2507507,João Pessoa,PB,2022,Total,Mulheres,38 anos,7286.0
MU,2507507,João Pessoa,PB,2022,Total,Mulheres,39 anos,7455.0
MU,2507507,João Pessoa,PB,2022,Total,Mulheres,40 a 44 anos,36962.0
MU,2507507,João Pessoa,PB,2022,Total,Mulheres,40 anos,8066.0
MU,2507507,João Pessoa,PB,2022,Total,Mulheres,41 anos,7489.0
MU,2507507,João Pessoa,PB,2022,Total,Mulheres,42 anos,7528.0
MU,2507507,João Pessoa,PB,2022,Total,Mulheres,43 anos,7312.0
MU,2507507,João Pessoa,PB,2022,Total,Mulheres,44 anos,6567.0
MU,2507507,João Pessoa,PB,2022,Total,Mulheres,45 a 49 anos,31039.0
MU,2507507,João Pessoa,PB,2022,Total,Mulheres,45 anos,6559.0
MU,2507507,João Pessoa,PB,2022,Total,Mulheres,46 anos,6189.0
MU,2507507,João Pessoa,PB,2022,Total,Mulheres,47 anos,6166.0
MU,2507507,João Pessoa,PB,2022,Total,Mulheres,48 anos,6109.0
MU,2507507,João Pessoa,PB,2022,Total,Mulheres,49 anos,6016.0
MU,2507507,João Pessoa,PB,2022,Total,Mulheres,50 a 54 anos,28722.0
MU,2507507,João Pessoa,PB,2022,Total,Mulheres,50 anos,6049.0
MU,2507507,João Pessoa,PB,2022,Total,Mulheres,51 anos,5651.0
MU,2507507,João Pessoa,PB,2022,Total,Mulheres,52 anos,5926.0
MU,2507507,João Pessoa,PB,2022,Total,Mulheres,53 anos,5588.0
MU,2507507,João Pessoa,PB,2022,Total,Mulheres,54 anos,5508.0
MU,2507507,João Pessoa,PB,2022,Total,Mulheres,55 a 59 anos,27110.0
MU,2507507,João Pessoa,PB,2022,Total,Mulheres,55 anos,5677.0
MU,2507507,João Pessoa,PB,2022,Total,Mulheres,56 anos,5548.0
MU,2507507,João Pessoa,PB,2022,Total,Mulheres,57 anos,5590.0
MU,2507507,João Pessoa,PB,2022,Total,Mulheres,58 anos,5349.0
MU,2507507,João Pessoa,PB,2022,Total,Mulheres,59 anos,4946.0
MU,2507507,João Pessoa,PB,2022,Total,Mulheres,60 a 64 anos,22315.0
MU,2507507,João Pessoa,PB,2022,Total,Mulheres,60 anos,4926.0
MU,2507507,João Pessoa,PB,2022,Total,Mulheres,61 anos,4556.0
MU,2507507,João Pessoa,PB,2022,Total,Mulheres,62 anos,4551.0
MU,2507507,João Pessoa,PB,2022,Total,Mulheres,63 anos,4187.0
MU,2507507,João Pessoa,PB,2022,Total,Mulheres,64 anos,4095.0
MU,2507507,João Pessoa,PB,2022,Total,Mulheres,65 a 69 anos,17573.0
MU,2507507,João Pessoa,PB,2022,Total,Mulheres,65 anos,3924.0
MU,2507507,João Pessoa,PB,2022,Total,Mulheres,66 anos,3655.0
MU,2507507,João Pessoa,PB,2022,Total,Mulheres,67 anos,3526.0
MU,2507507,João Pessoa,PB,2022,Total,Mulheres,68 anos,3352.0
MU,2507507,João Pessoa,PB,2022,Total,Mulheres,69 anos,3116.0
MU,2507507,João Pessoa,PB,2022,Total,Mulheres,70 a 74 anos,13508.0
MU,2507507,João Pessoa,PB,2022,Total,Mulheres,70 anos,3093.0
MU,2507507,João Pessoa,PB,2022,Total,Mulheres,71 anos,2569.0
MU,2507507,João Pessoa,PB,2022,Total,Mulheres,72 anos,3038.0
MU,2507507,João Pessoa,PB,2022,Total,Mulheres,73 anos,2452.0
MU,2507507,João Pessoa,PB,2022,Total,Mulheres,74 anos,2356.0
MU,2507507,João Pessoa,PB,2022,Total,Mulheres,75 a 79 anos,8908.0
MU,2507507,João Pessoa,PB,2022,Total,Mulheres,75 anos,2091.0
MU,2507507,João Pessoa,PB,2022,Total,Mulheres,76 anos,1962.0
MU,2507507,João Pessoa,PB,2022,Total,Mulheres,77 anos,1794.0
MU,2507507,João Pessoa,PB,2022,Total,Mulheres,78 anos,1617.0
MU,2507507,João Pessoa,PB,2022,Total,Mulheres,79 anos,1444.0
MU,2507507,João Pessoa,PB,2022,Total,Mulheres,80 a 84 anos,6312.0
MU,2507507,João Pessoa,PB,2022,Total,Mulheres,80 anos,1458.0
MU,2507507,João Pessoa,PB,2022,Total,Mulheres,81 anos,1236.0
MU,2507507,João Pessoa,PB,2022,Total,Mulheres,82 anos,1446.0
MU,2507507,João Pessoa,PB,2022,Total,Mulheres,83 anos,1134.0
MU,2507507,João Pessoa,PB,2022,Total,Mulheres,84 anos,1038.0
MU,2507507,João Pessoa,PB,2022,Total,Mulheres,85 a 89 anos,3496.0
MU,2507507,João Pessoa,PB,2022,Total,Mulheres,85 anos,874.0
MU,2507507,João Pessoa,PB,2022,Total,Mulheres,86 anos,876.0
MU,2507507,João Pessoa,PB,2022,Total,Mulheres,87 anos,723.0
MU,2507507,João Pessoa,PB,2022,Total,Mulheres,88 anos,562.0
MU,2507507,João Pessoa,PB,2022,Total,Mulheres,89 anos,461.0
MU,2507507,João Pessoa,PB,2022,Total,Mulheres,90 a 94 anos,1803.0
MU,2507507,João Pessoa,PB,2022,Total,Mulheres,90 anos,524.0
MU,2507507,João Pessoa,PB,2022,Total,Mulheres,91 anos,414.0
MU,2507507,João Pessoa,PB,2022,Total,Mulheres,92 anos,391.0
MU,2507507,João Pessoa,PB,2022,Total,Mulheres,93 anos,262.0
MU,2507507,João Pessoa,PB,2022,Total,Mulheres,94 anos,212.0
MU,2507507,João Pessoa,PB,2022,Total,Mulheres,95 a 99 anos,529.0
MU,2507507,João Pessoa,PB,2022,Total,Mulheres,95 anos,170.0
MU,2507507,João Pessoa,PB,2022,Total,Mulheres,96 anos,124.0
MU,2507507,João Pessoa,PB,2022,Total,Mulheres,97 anos,110.0
MU,2507507,João Pessoa,PB,2022,Total,Mulheres,98 anos,81.0
MU,2507507,João Pessoa,PB,2022,Total,Mulheres,99 anos,44.0
MU,2507507,João Pessoa,PB,2022,Total,Mulheres,100 anos ou mais,130.0
MU,2513703,Santa Rita,PB,2022,Total,Total,18 anos,2278.0
MU,2513703,Santa Rita,PB,2022,Total,Total,19 anos,2136.0
MU,2513703,Santa Rita,PB,2022,Total,Total,20 a 24 anos,11694.0
MU,2513703,Santa Rita,PB,2022,Total,Total,20 anos,2346.0
MU,2513703,Santa Rita,PB,2022,Total,Total,21 anos,2221.0
MU,2513703,Santa Rita,PB,2022,Total,Total,22 anos,2464.0
MU,2513703,Santa Rita,PB,2022,Total,Total,23 anos,2411.0
MU,2513703,Santa Rita,PB,2022,Total,Total,24 anos,2252.0
MU,2513703,Santa Rita,PB,2022,Total,Total,25 a 29 anos,11242.0
MU,2513703,Santa Rita,PB,2022,Total,Total,25 anos,2242.0
MU,2513703,Santa Rita,PB,2022,Total,Total,26 anos,2337.0
MU,2513703,Santa Rita,PB,2022,Total,Total,27 anos,2337.0
MU,2513703,Santa Rita,PB,2022,Total,Total,28 anos,2192.0
MU,2513703,Santa Rita,PB,2022,Total,Total,29 anos,2134.0
MU,2513703,Santa Rita,PB,2022,Total,Total,30 a 34 anos,11304.0
MU,2513703,Santa Rita,PB,2022,Total,Total,30 anos,2309.0
MU,2513703,Santa Rita,PB,2022,Total,Total,31 anos,2100.0
MU,2513703,Santa Rita,PB,2022,Total,Total,32 anos,2198.0
MU,2513703,Santa Rita,PB,2022,Total,Total,33 anos,2361.0
MU,2513703,Santa Rita,PB,2022,Total,Total,34 anos,2336.0
MU,2513703,Santa Rita,PB,2022,Total,Total,35 a 39 anos,11976.0
MU,2513703,Santa Rita,PB,2022,Total,Total,35 anos,2309.0
MU,2513703,Santa Rita,PB,2022,Total,Total,36 anos,2422.0
MU,2513703,Santa Rita,PB,2022,Total,Total,37 anos,2426.0
MU,2513703,Santa Rita,PB,2022,Total,Total,38 anos,2387.0
MU,2513703,Santa Rita,PB,2022,Total,Total,39 anos,2432.0
MU,2513703,Santa Rita,PB,2022,Total,Total,40 a 44 anos,12715.0
MU,2513703,Santa Rita,PB,2022,Total,Total,40 anos,2737.0
MU,2513703,Santa Rita,PB,2022,Total,Total,41 anos,2574.0
MU,2513703,Santa Rita,PB,2022,Total,Total,42 anos,2680.0
MU,2513703,Santa Rita,PB,2022,Total,Total,43 anos,2436.0
MU,2513703,Santa Rita,PB,2022,Total,Total,44 anos,2288.0
MU,2513703,Santa Rita,PB,2022,Total,Total,45 a 49 anos,10696.0
MU,2513703,Santa Rita,PB,2022,Total,Total,45 anos,2321.0
MU,2513703,Santa Rita,PB,2022,Total,Total,46 anos,2202.0
MU,2513703,Santa Rita,PB,2022,Total,Total,47 anos,2077.0
MU,2513703,Santa Rita,PB,2022,Total,Total,48 anos,2043.0
MU,2513703,Santa Rita,PB,2022,Total,Total,49 anos,2053.0
MU,2513703,Santa Rita,PB,2022,Total,Total,50 a 54 anos,9308.0
MU,2513703,Santa Rita,PB,2022,Total,Total,50 anos,1996.0
MU,2513703,Santa Rita,PB,2022,Total,Total,51 anos,1785.0
MU,2513703,Santa Rita,PB,2022,Total,Total,52 anos,2004.0
MU,2513703,Santa Rita,PB,2022,Total,Total,53 anos,1776.0
MU,2513703,Santa Rita,PB,2022,Total,Total,54 anos,1747.0
MU,2513703,Santa Rita,PB,2022,Total,Total,55 a 59 anos,7561.0
MU,2513703,Santa Rita,PB,2022,Total,Total,55 anos,1635.0
MU,2513703,Santa Rita,PB,2022,Total,Total,56 anos,1614.0
MU,2513703,Santa Rita,PB,2022,Total,Total,57 anos,1557.0
MU,2513703,Santa Rita,PB,2022,Total,Total,58 anos,1478.0
MU,2513703,Santa Rita,PB,2022,Total,Total,59 anos,1277.0
MU,2513703,Santa Rita,PB,2022,Total,Total,60 a 64 anos,5837.0
MU,2513703,Santa Rita,PB,2022,Total,Total,60 anos,1334.0
MU,2513703,Santa Rita,PB,2022,Total,Total,61 anos,1194.0
MU,2513703,Santa Rita,PB,2022,Total,Total,62 anos,1209.0
MU,2513703,Santa Rita,PB,2022,Total,Total,63 anos,1076.0
MU,2513703,Santa Rita,PB,2022,Total,Total,64 anos,1024.0
MU,2513703,Santa Rita,PB,2022,Total,Total,65 a 69 anos,4300.0
MU,2513703,Santa Rita,PB,2022,Total,Total,65 anos,974.0
MU,2513703,Santa Rita,PB,2022,Total,Total,66 anos,935.0
MU,2513703,Santa Rita,PB,2022,Total,Total,67 anos,844.0
MU,2513703,Santa Rita,PB,2022,Total,Total,68 anos,812.0
MU,2513703,Santa Rita,PB,2022,Total,Total,69 anos,735.0
MU,2513703,Santa Rita,PB,2022,Total,Total,70 a 74 anos,3235.0
MU,2513703,Santa Rita,PB,2022,Total,Total,70 anos,705.0
MU,2513703,Santa Rita,PB,2022,Total,Total,71 anos,667.0
MU,2513703,Santa Rita,PB,2022,Total,Total,72 anos,769.0
MU,2513703,Santa Rita,PB,2022,Total,Total,73 anos,536.0
MU,2513703,Santa Rita,PB,2022,Total,Total,74 anos,558.0
MU,2513703,Santa Rita,PB,2022,Total,Total,75 a 79 anos,2074.0
MU,2513703,Santa Rita,PB,2022,Total,Total,75 anos,519.0
MU,2513703,Santa Rita,PB,2022,Total,Total,76 anos,430.0
MU,2513703,Santa Rita,PB,2022,Total,Total,77 anos,439.0
MU,2513703,Santa Rita,PB,2022,Total,Total,78 anos,362.0
MU,2513703,Santa Rita,PB,2022,Total,Total,79 anos,324.0
MU,2513703,Santa Rita,PB,2022,Total,Total,80 a 84 anos,1300.0
MU,2513703,Santa Rita,PB,2022,Total,Total,80 anos,310.0
MU,2513703,Santa Rita,PB,2022,Total,Total,81 anos,285.0
MU,2513703,Santa Rita,PB,2022,Total,Total,82 anos,300.0
MU,2513703,Santa Rita,PB,2022,Total,Total,83 anos,221.0
MU,2513703,Santa Rita,PB,2022,Total,Total,84 anos,184.0
MU,2513703,Santa Rita,PB,2022,Total,Total,85 a 89 anos,739.0
MU,2513703,Santa Rita,PB,2022,Total,Total,85 anos,213.0
MU,2513703,Santa Rita,PB,2022,Total,Total,86 anos,194.0
MU,2513703,Santa Rita,PB,2022,Total,Total,87 anos,138.0
MU,2513703,Santa Rita,PB,2022,Total,Total,88 anos,102.0
MU,2513703,Santa Rita,PB,2022,Total,Total,89 anos,92.0
MU,2513703,Santa Rita,PB,2022,Total,Total,90 a 94 anos,325.0
MU,2513703,Santa Rita,PB,2022,Total,Total,90 anos,86.0
MU,2513703,Santa Rita,PB,2022,Total,Total,91 anos,65.0
MU,2513703,Santa Rita,PB,2022,Total,Total,92 anos,77.0
MU,2513703,Santa Rita,PB,2022,Total,Total,93 anos,55.0
MU,2513703,Santa Rita,PB,2022,Total,Total,94 anos,42.0
MU,2513703,Santa Rita,PB,2022,Total,Total,95 a 99 anos,84.0
MU,2513703,Santa Rita,PB,2022,Total,Total,95 anos,28.0
MU,2513703,Santa Rita,PB,2022,Total,Total,96 anos,19.0
MU,2513703,Santa Rita,PB,2022,Total,Total,97 anos,11.0
MU,2513703,Santa Rita,PB,2022,Total,Total,98 anos,13.0
MU,2513703,Santa Rita,PB,2022,Total,Total,99 anos,13.0
MU,2513703,Santa Rita,PB,2022,Total,Total,100 anos ou mais,32.0
MU,2513703,Santa Rita,PB,2022,Total,Homens,18 anos,1181.0
MU,2513703,Santa Rita,PB,2022,Total,Homens,19 anos,1081.0
MU,2513703,Santa Rita,PB,2022,Total,Homens,20 a 24 anos,5728.0
MU,2513703,Santa Rita,PB,2022,Total,Homens,20 anos,1135.0
MU,2513703,Santa Rita,PB,2022,Total,Homens,21 anos,1100.0
MU,2513703,Santa Rita,PB,2022,Total,Homens,22 anos,1193.0
MU,2513703,Santa Rita,PB,2022,Total,Homens,23 anos,1161.0
MU,2513703,Santa Rita,PB,2022,Total,Homens,24 anos,1139.0
MU,2513703,Santa Rita,PB,2022,Total,Homens,25 a 29 anos,5395.0
MU,2513703,Santa Rita,PB,2022,Total,Homens,25 anos,1088.0
MU,2513703,Santa Rita,PB,2022,Total,Homens,26 anos,1132.0
MU,2513703,Santa Rita,PB,2022,Total,Homens,27 anos,1082.0
MU,2513703,Santa Rita,PB,2022,Total,Homens,28 anos,1074.0
MU,2513703,Santa Rita,PB,2022,Total,Homens,29 anos,1019.0
MU,2513703,Santa Rita,PB,2022,Total,Homens,30 a 34 anos,5375.0
MU,2513703,Santa Rita,PB,2022,Total,Homens,30 anos,1125.0
MU,2513703,Santa Rita,PB,2022,Total,Homens,31 anos,986.0
MU,2513703,Santa Rita,PB,2022,Total,Homens,32 anos,1053.0
MU,2513703,Santa Rita,PB,2022,Total,Homens,33 anos,1121.0
MU,2513703,Santa Rita,PB,2022,Total,Homens,34 anos,1090.0
MU,2513703,Santa Rita,PB,2022,Total,Homens,35 a 39 anos,5716.0
MU,2513703,Santa Rita,PB,2022,Total,Homens,35 anos,1117.0
MU,2513703,Santa Rita,PB,2022,Total,Homens,36 anos,1155.0
MU,2513703,Santa Rita,PB,2022,Total,Homens,37 anos,1145.0
MU,2513703,Santa Rita,PB,2022,Total,Homens,38 anos,1157.0
MU,2513703,Santa Rita,PB,2022,Total,Homens,39 anos,1142.0
MU,2513703,Santa Rita,PB,2022,Total,Homens,40 a 44 anos,6072.0
MU,2513703,Santa Rita,PB,2022,Total,Homens,40 anos,1270.0
MU,2513703,Santa Rita,PB,2022,Total,Homens,41 anos,1233.0
MU,2513703,Santa Rita,PB,2022,Total,Homens,42 anos,1291.0
MU,2513703,Santa Rita,PB,2022,Total,Homens,43 anos,1166.0
MU,2513703,Santa Rita,PB,2022,Total,Homens,44 anos,1112.0
MU,2513703,Santa Rita,PB,2022,Total,Homens,45 a 49 anos,5129.0
MU,2513703,Santa Rita,PB,2022,Total,Homens,45 anos,1142.0
MU,2513703,Santa Rita,PB,2022,Total,Homens,46 anos,1044.0
MU,2513703,Santa Rita,PB,2022,Total,Homens,47 anos,984.0
MU,2513703,Santa Rita,PB,2022,Total,Homens,48 anos,955.0
MU,2513703,Santa Rita,PB,2022,Total,Homens,49 anos,1004.0
MU,2513703,Santa Rita,PB,2022,Total,Homens,50 a 54 anos,4444.0
MU,2513703,Santa Rita,PB,2022,Total,Homens,50 anos,964.0
MU,2513703,Santa Rita,PB,2022,Total,Homens,51 anos,877.0
MU,2513703,Santa Rita,PB,2022,Total,Homens,52 anos,959.0
MU,2513703,Santa Rita,PB,2022,Total,Homens,53 anos,845.0
MU,2513703,Santa Rita,PB,2022,Total,Homens,54 anos,799.0
MU,2513703,Santa Rita,PB,2022,Total,Homens,55 a 59 anos,3493.0
MU,2513703,Santa Rita,PB,2022,Total,Homens,55 anos,801.0
MU,2513703,Santa Rita,PB,2022,Total,Homens,56 anos,740.0
MU,2513703,Santa Rita,PB,2022,Total,Homens,57 anos,735.0
MU,2513703,Santa Rita,PB,2022,Total,Homens,58 anos,666.0
MU,2513703,Santa Rita,PB,2022,Total,Homens,59 anos,551.0
MU,2513703,Santa Rita,PB,2022,Total,Homens,60 a 64 anos,2704.0
MU,2513703,Santa Rita,PB,2022,Total,Homens,60 anos,604.0
MU,2513703,Santa Rita,PB,2022,Total,Homens,61 anos,555.0
MU,2513703,Santa Rita,PB,2022,Total,Homens,62 anos,579.0
MU,2513703,Santa Rita,PB,2022,Total,Homens,63 anos,478.0
MU,2513703,Santa Rita,PB,2022,Total,Homens,64 anos,488.0
MU,2513703,Santa Rita,PB,2022,Total,Homens,65 a 69 anos,1902.0
MU,2513703,Santa Rita,PB,2022,Total,Homens,65 anos,453.0
MU,2513703,Santa Rita,PB,2022,Total,Homens,66 anos,416.0
MU,2513703,Santa Rita,PB,2022,Total,Homens,67 anos,367.0
MU,2513703,Santa Rita,PB,2022,Total,Homens,68 anos,340.0
MU,2513703,Santa Rita,PB,2022,Total,Homens,69 anos,326.0
MU,2513703,Santa Rita,PB,2022,Total,Homens,70 a 74 anos,1425.0
MU,2513703,Santa Rita,PB,2022,Total,Homens,70 anos,326.0
MU,2513703,Santa Rita,PB,2022,Total,Homens,71 anos,289.0
MU,2513703,Santa Rita,PB,2022,Total,Homens,72 anos,310.0
MU,2513703,Santa Rita,PB,2022,Total,Homens,73 anos,250.0
MU,2513703,Santa Rita,PB,2022,Total,Homens,74 anos,250.0
MU,2513703,Santa Rita,PB,2022,Total,Homens,75 a 79 anos,832.0
MU,2513703,Santa Rita,PB,2022,Total,Homens,75 anos,225.0
MU,2513703,Santa Rita,PB,2022,Total,Homens,76 anos,183.0
MU,2513703,Santa Rita,PB,2022,Total,Homens,77 anos,167.0
MU,2513703,Santa Rita,PB,2022,Total,Homens,78 anos,141.0
MU,2513703,Santa Rita,PB,2022,Total,Homens,79 anos,116.0
MU,2513703,Santa Rita,PB,2022,Total,Homens,80 a 84 anos,465.0
MU,2513703,Santa Rita,PB,2022,Total,Homens,80 anos,112.0
MU,2513703,Santa Rita,PB,2022,Total,Homens,81 anos,96.0
MU,2513703,Santa Rita,PB,2022,Total,Homens,82 anos,107.0
MU,2513703,Santa Rita,PB,2022,Total,Homens,83 anos,87.0
MU,2513703,Santa Rita,PB,2022,Total,Homens,84 anos,63.0
MU,2513703,Santa Rita,PB,2022,Total,Homens,85 a 89 anos,247.0
MU,2513703,Santa Rita,PB,2022,Total,Homens,85 anos,71.0
MU,2513703,Santa Rita,PB,2022,Total,Homens,86 anos,60.0
MU,2513703,Santa Rita,PB,2022,Total,Homens,87 anos,53.0
MU,2513703,Santa Rita,PB,2022,Total,Homens,88 anos,33.0
MU,2513703,Santa Rita,PB,2022,Total,Homens,89 anos,30.0
MU,2513703,Santa Rita,PB,2022,Total,Homens,90 a 94 anos,90.0
MU,2513703,Santa Rita,PB,2022,Total,Homens,90 anos,24.0
MU,2513703,Santa Rita,PB,2022,Total,Homens,91 anos,14.0
MU,2513703,Santa Rita,PB,2022,Total,Homens,92 anos,21.0
MU,2513703,Santa Rita,PB,2022,Total,Homens,93 anos,18.0
MU,2513703,Santa Rita,PB,2022,Total,Homens,94 anos,13.0
MU,2513703,Santa Rita,PB,2022,Total,Homens,95 a 99 anos,25.0
MU,2513703,Santa Rita,PB,2022,Total,Homens,95 anos,10.0
MU,2513703,Santa Rita,PB,2022,Total,Homens,96 anos,3.0
MU,2513703,Santa Rita,PB,2022,Total,Homens,97 anos,4.0
MU,2513703,Santa Rita,PB,2022,Total,Homens,98 anos,6.0
MU,2513703,Santa Rita,PB,2022,Total,Homens,99 anos,2.0
MU,2513703,Santa Rita,PB,2022,Total,Homens,100 anos ou mais,7.0
MU,2513703,Santa Rita,PB,2022,Total,Mulheres,18 anos,1097.0
MU,2513703,Santa Rita,PB,2022,Total,Mulheres,19 anos,1055.0
MU,2513703,Santa Rita,PB,2022,Total,Mulheres,20 a 24 anos,5966.0
MU,2513703,Santa Rita,PB,2022,Total,Mulheres,20 anos,1211.0
MU,2513703,Santa Rita,PB,2022,Total,Mulheres,21 anos,1121.0
MU,2513703,Santa Rita,PB,2022,Total,Mulheres,22 anos,1271.0
MU,2513703,Santa Rita,PB,2022,Total,Mulheres,23 anos,1250.0
MU,2513703,Santa Rita,PB,2022,Total,Mulheres,24 anos,1113.0
MU,2513703,Santa Rita,PB,2022,Total,Mulheres,25 a 29 anos,5847.0
MU,2513703,Santa Rita,PB,2022,Total,Mulheres,25 anos,1154.0
MU,2513703,Santa Rita,PB,2022,Total,Mulheres,26 anos,1205.0
MU,2513703,Santa Rita,PB,2022,Total,Mulheres,27 anos,1255.0
MU,2513703,Santa Rita,PB,2022,Total,Mulheres,28 anos,1118.0
MU,2513703,Santa Rita,PB,2022,Total,Mulheres,29 anos,1115.0
MU,2513703,Santa Rita,PB,2022,Total,Mulheres,30 a 34 anos,5929.0
MU,2513703,Santa Rita,PB,2022,Total,Mulheres,30 anos,1184.0
MU,2513703,Santa Rita,PB,2022,Total,Mulheres,31 anos,1114.0
MU,2513703,Santa Rita,PB,2022,Total,Mulheres,32 anos,1145.0
MU,2513703,Santa Rita,PB,2022,Total,Mulheres,33 anos,1240.0
MU,2513703,Santa Rita,PB,2022,Total,Mulheres,34 anos,1246.0
MU,2513703,Santa Rita,PB,2022,Total,Mulheres,35 a 39 anos,6260.0
MU,2513703,Santa Rita,PB,2022,Total,Mulheres,35 anos,1192.0
MU,2513703,Santa Rita,PB,2022,Total,Mulheres,36 anos,1267.0
MU,2513703,Santa Rita,PB,2022,Total,Mulheres,37 anos,1281.0
MU,2513703,Santa Rita,PB,2022,Total,Mulheres,38 anos,1230.0
MU,2513703,Santa Rita,PB,2022,Total,Mulheres,39 anos,1290.0
MU,2513703,Santa Rita,PB,2022,Total,Mulheres,40 a 44 anos,6643.0
MU,2513703,Santa Rita,PB,2022,Total,Mulheres,40 anos,1467.0
MU,2513703,Santa Rita,PB,2022,Total,Mulheres,41 anos,1341.0
MU,2513703,Santa Rita,PB,2022,Total,Mulheres,42 anos,1389.0
MU,2513703,Santa Rita,PB,2022,Total,Mulheres,43 anos,1270.0
MU,2513703,Santa Rita,PB,2022,Total,Mulheres,44 anos,1176.0
MU,2513703,Santa Rita,PB,2022,Total,Mulheres,45 a 49 anos,5567.0
MU,2513703,Santa Rita,PB,2022,Total,Mulheres,45 anos,1179.0
MU,2513703,Santa Rita,PB,2022,Total,Mulheres,46 anos,1158.0
MU,2513703,Santa Rita,PB,2022,Total,Mulheres,47 anos,1093.0
MU,2513703,Santa Rita,PB,2022,Total,Mulheres,48 anos,1088.0
MU,2513703,Santa Rita,PB,2022,Total,Mulheres,49 anos,1049.0
MU,2513703,Santa Rita,PB,2022,Total,Mulheres,50 a 54 anos,4864.0
MU,2513703,Santa Rita,PB,2022,Total,Mulheres,50 anos,1032.0
MU,2513703,Santa Rita,PB,2022,Total,Mulheres,51 anos,908.0
MU,2513703,Santa Rita,PB,2022,Total,Mulheres,52 anos,1045.0
MU,2513703,Santa Rita,PB,2022,Total,Mulheres,53 anos,931.0
MU,2513703,Santa Rita,PB,2022,Total,Mulheres,54 anos,948.0
MU,2513703,Santa Rita,PB,2022,Total,Mulheres,55 a 59 anos,4068.0
MU,2513703,Santa Rita,PB,2022,Total,Mulheres,55 anos,834.0
MU,2513703,Santa Rita,PB,2022,Total,Mulheres,56 anos,874.0
MU,2513703,Santa Rita,PB,2022,Total,Mulheres,57 anos,822.0
MU,2513703,Santa Rita,PB,2022,Total,Mulheres,58 anos,812.0
MU,2513703,Santa Rita,PB,2022,Total,Mulheres,59 anos,726.0
MU,2513703,Santa Rita,PB,2022,Total,Mulheres,60 a 64 anos,3133.0
MU,2513703,Santa Rita,PB,2022,Total,Mulheres,60 anos,730.0
MU,2513703,Santa Rita,PB,2022,Total,Mulheres,61 anos,639.0
MU,2513703,Santa Rita,PB,2022,Total,Mulheres,62 anos,630.0
MU,2513703,Santa Rita,PB,2022,Total,Mulheres,63 anos,598.0
MU,2513703,Santa Rita,PB,2022,Total,Mulheres,64 anos,536.0
MU,2513703,Santa Rita,PB,2022,Total,Mulheres,65 a 69 anos,2398.0
MU,2513703,Santa Rita,PB,2022,Total,Mulheres,65 anos,521.0
MU,2513703,Santa Rita,PB,2022,Total,Mulheres,66 anos,519.0
MU,2513703,Santa Rita,PB,2022,Total,Mulheres,67 anos,477.0
MU,2513703,Santa Rita,PB,2022,Total,Mulheres,68 anos,472.0
MU,2513703,Santa Rita,PB,2022,Total,Mulheres,69 anos,409.0
MU,2513703,Santa Rita,PB,2022,Total,Mulheres,70 a 74 anos,1810.0
MU,2513703,Santa Rita,PB,2022,Total,Mulheres,70 anos,379.0
MU,2513703,Santa Rita,PB,2022,Total,Mulheres,71 anos,378.0
MU,2513703,Santa Rita,PB,2022,Total,Mulheres,72 anos,459.0
MU,2513703,Santa Rita,PB,2022,Total,Mulheres,73 anos,286.0
MU,2513703,Santa Rita,PB,2022,Total,Mulheres,74 anos,308.0
MU,2513703,Santa Rita,PB,2022,Total,Mulheres,75 a 79 anos,1242.0
MU,2513703,Santa Rita,PB,2022,Total,Mulheres,75 anos,294.0
MU,2513703,Santa Rita,PB,2022,Total,Mulheres,76 anos,247.0
MU,2513703,Santa Rita,PB,2022,Total,Mulheres,77 anos,272.0
MU,2513703,Santa Rita,PB,2022,Total,Mulheres,78 anos,221.0
MU,2513703,Santa Rita,PB,2022,Total,Mulheres,79 anos,208.0
MU,2513703,Santa Rita,PB,2022,Total,Mulheres,80 a 84 anos,835.0
MU,2513703,Santa Rita,PB,2022,Total,Mulheres,80 anos,198.0
MU,2513703,Santa Rita,PB,2022,Total,Mulheres,81 anos,189.0
MU,2513703,Santa Rita,PB,2022,Total,Mulheres,82 anos,193.0
MU,2513703,Santa Rita,PB,2022,Total,Mulheres,83 anos,134.0
MU,2513703,Santa Rita,PB,2022,Total,Mulheres,84 anos,121.0
MU,2513703,Santa Rita,PB,2022,Total,Mulheres,85 a 89 anos,492.0
MU,2513703,Santa Rita,PB,2022,Total,Mulheres,85 anos,142.0
MU,2513703,Santa Rita,PB,2022,Total,Mulheres,86 anos,134.0
MU,2513703,Santa Rita,PB,2022,Total,Mulheres,87 anos,85.0
MU,2513703,Santa Rita,PB,2022,Total,Mulheres,88 anos,69.0
MU,2513703,Santa Rita,PB,2022,Total,Mulheres,89 anos,62.0
MU,2513703,Santa Rita,PB,2022,Total,Mulheres,90 a 94 anos,235.0
MU,2513703,Santa Rita,PB,2022,Total,Mulheres,90 anos,62.0
MU,2513703,Santa Rita,PB,2022,Total,Mulheres,91 anos,51.0
MU,2513703,Santa Rita,PB,2022,Total,Mulheres,92 anos,56.0
MU,2513703,Santa Rita,PB,2022,Total,Mulheres,93 anos,37.0
MU,2513703,Santa Rita,PB,2022,Total,Mulheres,94 anos,29.0
MU,2513703,Santa Rita,PB,2022,Total,Mulheres,95 a 99 anos,59.0
MU,2513703,Santa Rita,PB,2022,Total,Mulheres,95 anos,18.0
MU,2513703,Santa Rita,PB,2022,Total,Mulheres,96 anos,16.0
MU,2513703,Santa Rita,PB,2022,Total,Mulheres,97 anos,7.0
MU,2513703,Santa Rita,PB,2022,Total,Mulheres,98 anos,7.0
MU,2513703,Santa Rita,PB,2022,Total,Mulheres,99 anos,11.0
MU,2513703,Santa Rita,PB,2022,Total,Mulheres,100 anos ou mais,25.0
